[{"model": "contenttypes.contenttype", "pk": 1, "fields": {"app_label": "admin", "model": "logentry"}}, {"model": "contenttypes.contenttype", "pk": 2, "fields": {"app_label": "auth", "model": "permission"}}, {"model": "contenttypes.contenttype", "pk": 3, "fields": {"app_label": "auth", "model": "group"}}, {"model": "contenttypes.contenttype", "pk": 4, "fields": {"app_label": "auth", "model": "user"}}, {"model": "contenttypes.contenttype", "pk": 5, "fields": {"app_label": "contenttypes", "model": "contenttype"}}, {"model": "contenttypes.contenttype", "pk": 6, "fields": {"app_label": "sessions", "model": "session"}}, {"model": "contenttypes.contenttype", "pk": 7, "fields": {"app_label": "articles", "model": "article"}}, {"model": "contenttypes.contenttype", "pk": 8, "fields": {"app_label": "projects", "model": "project"}}, {"model": "contenttypes.contenttype", "pk": 9, "fields": {"app_label": "taggit", "model": "tag"}}, {"model": "contenttypes.contenttype", "pk": 10, "fields": {"app_label": "taggit", "model": "taggeditem"}}, {"model": "contenttypes.contenttype", "pk": 11, "fields": {"app_label": "profiles", "model": "profile"}}, {"model": "contenttypes.contenttype", "pk": 12, "fields": {"app_label": "positions", "model": "position"}}, {"model": "contenttypes.contenttype", "pk": 13, "fields": {"app_label": "educations", "model": "education"}}, {"model": "contenttypes.contenttype", "pk": 14, "fields": {"app_label": "recommendations", "model": "recommendation"}}, {"model": "contenttypes.contenttype", "pk": 15, "fields": {"app_label": "references", "model": "reference"}}, {"model": "contenttypes.contenttype", "pk": 16, "fields": {"app_label": "stages", "model": "stage"}}, {"model": "sessions.session", "pk": "0xu6yar0cbzjg1j1b9kr1shlk1vl26pb", "fields": {"session_data": "ZWQ1NTNhNmU4NTRhNTViMTUxNWI4YzU5MTEwYzg5OWFiNWIxNDU4Yzp7Il9hdXRoX3VzZXJfaWQiOiIxIiwiX2F1dGhfdXNlcl9iYWNrZW5kIjoiZGphbmdvLmNvbnRyaWIuYXV0aC5iYWNrZW5kcy5Nb2RlbEJhY2tlbmQiLCJfYXV0aF91c2VyX2hhc2giOiJkYTE2YzZjOTNlNzk4MmIxMzg1NWY0MjBmYjE2Mjg3NzRjZTc0YzUwIn0=", "expire_date": "2018-10-22T04:13:41.726Z"}}, {"model": "sessions.session", "pk": "59bpppea0aaz9ry9q85z54uxgrn0q10u", "fields": {"session_data": "ZWQ1NTNhNmU4NTRhNTViMTUxNWI4YzU5MTEwYzg5OWFiNWIxNDU4Yzp7Il9hdXRoX3VzZXJfaWQiOiIxIiwiX2F1dGhfdXNlcl9iYWNrZW5kIjoiZGphbmdvLmNvbnRyaWIuYXV0aC5iYWNrZW5kcy5Nb2RlbEJhY2tlbmQiLCJfYXV0aF91c2VyX2hhc2giOiJkYTE2YzZjOTNlNzk4MmIxMzg1NWY0MjBmYjE2Mjg3NzRjZTc0YzUwIn0=", "expire_date": "2018-10-22T22:57:55.001Z"}}, {"model": "sessions.session", "pk": "6nw44mt62uto61o1m9v82f1c7vd08yjb", "fields": {"session_data": "ZWQ1NTNhNmU4NTRhNTViMTUxNWI4YzU5MTEwYzg5OWFiNWIxNDU4Yzp7Il9hdXRoX3VzZXJfaWQiOiIxIiwiX2F1dGhfdXNlcl9iYWNrZW5kIjoiZGphbmdvLmNvbnRyaWIuYXV0aC5iYWNrZW5kcy5Nb2RlbEJhY2tlbmQiLCJfYXV0aF91c2VyX2hhc2giOiJkYTE2YzZjOTNlNzk4MmIxMzg1NWY0MjBmYjE2Mjg3NzRjZTc0YzUwIn0=", "expire_date": "2018-09-02T20:21:13.233Z"}}, {"model": "sessions.session", "pk": "ctm8uqunbg9w2y4kbyzo5vff38qe7g5u", "fields": {"session_data": "ODEzZWViNDJjNmY1OTRiMzQ0ZGRkMmViZGRlMjcyZGQ2OTg5ZTA2Yzp7Il9hdXRoX3VzZXJfaWQiOiIxIiwiX2F1dGhfdXNlcl9iYWNrZW5kIjoiZGphbmdvLmNvbnRyaWIuYXV0aC5iYWNrZW5kcy5Nb2RlbEJhY2tlbmQiLCJfYXV0aF91c2VyX2hhc2giOiJhZWNhZThkMjg5MGM5NjA2MjRlNjFkNzc5MjU5NDhkNzRjMDVjNDg4In0=", "expire_date": "2018-08-20T04:26:44.593Z"}}, {"model": "sessions.session", "pk": "dtfvjizyubyyghnif545zwxedgdm449z", "fields": {"session_data": "ZWQ1NTNhNmU4NTRhNTViMTUxNWI4YzU5MTEwYzg5OWFiNWIxNDU4Yzp7Il9hdXRoX3VzZXJfaWQiOiIxIiwiX2F1dGhfdXNlcl9iYWNrZW5kIjoiZGphbmdvLmNvbnRyaWIuYXV0aC5iYWNrZW5kcy5Nb2RlbEJhY2tlbmQiLCJfYXV0aF91c2VyX2hhc2giOiJkYTE2YzZjOTNlNzk4MmIxMzg1NWY0MjBmYjE2Mjg3NzRjZTc0YzUwIn0=", "expire_date": "2018-09-10T13:29:25.858Z"}}, {"model": "sessions.session", "pk": "hcyiihjby0h3q2wjfps0ylsnavfxcjmd", "fields": {"session_data": "ZWQ1NTNhNmU4NTRhNTViMTUxNWI4YzU5MTEwYzg5OWFiNWIxNDU4Yzp7Il9hdXRoX3VzZXJfaWQiOiIxIiwiX2F1dGhfdXNlcl9iYWNrZW5kIjoiZGphbmdvLmNvbnRyaWIuYXV0aC5iYWNrZW5kcy5Nb2RlbEJhY2tlbmQiLCJfYXV0aF91c2VyX2hhc2giOiJkYTE2YzZjOTNlNzk4MmIxMzg1NWY0MjBmYjE2Mjg3NzRjZTc0YzUwIn0=", "expire_date": "2018-10-22T15:01:20.540Z"}}, {"model": "sessions.session", "pk": "m8xipq1ibmu9d4kpejw1ea94todt1zrm", "fields": {"session_data": "ODEzZWViNDJjNmY1OTRiMzQ0ZGRkMmViZGRlMjcyZGQ2OTg5ZTA2Yzp7Il9hdXRoX3VzZXJfaWQiOiIxIiwiX2F1dGhfdXNlcl9iYWNrZW5kIjoiZGphbmdvLmNvbnRyaWIuYXV0aC5iYWNrZW5kcy5Nb2RlbEJhY2tlbmQiLCJfYXV0aF91c2VyX2hhc2giOiJhZWNhZThkMjg5MGM5NjA2MjRlNjFkNzc5MjU5NDhkNzRjMDVjNDg4In0=", "expire_date": "2018-08-16T03:30:47.413Z"}}, {"model": "sessions.session", "pk": "p1fhx9d3qe2mw0008pxoxv0ny7zdf43d", "fields": {"session_data": "ZWQ1NTNhNmU4NTRhNTViMTUxNWI4YzU5MTEwYzg5OWFiNWIxNDU4Yzp7Il9hdXRoX3VzZXJfaWQiOiIxIiwiX2F1dGhfdXNlcl9iYWNrZW5kIjoiZGphbmdvLmNvbnRyaWIuYXV0aC5iYWNrZW5kcy5Nb2RlbEJhY2tlbmQiLCJfYXV0aF91c2VyX2hhc2giOiJkYTE2YzZjOTNlNzk4MmIxMzg1NWY0MjBmYjE2Mjg3NzRjZTc0YzUwIn0=", "expire_date": "2018-10-23T05:07:32.724Z"}}, {"model": "sessions.session", "pk": "r7szh80vqkjdk0tndc8pvdoa7pi1j29v", "fields": {"session_data": "ZWQ1NTNhNmU4NTRhNTViMTUxNWI4YzU5MTEwYzg5OWFiNWIxNDU4Yzp7Il9hdXRoX3VzZXJfaWQiOiIxIiwiX2F1dGhfdXNlcl9iYWNrZW5kIjoiZGphbmdvLmNvbnRyaWIuYXV0aC5iYWNrZW5kcy5Nb2RlbEJhY2tlbmQiLCJfYXV0aF91c2VyX2hhc2giOiJkYTE2YzZjOTNlNzk4MmIxMzg1NWY0MjBmYjE2Mjg3NzRjZTc0YzUwIn0=", "expire_date": "2018-10-06T15:55:36.528Z"}}, {"model": "sessions.session", "pk": "u2zfvlhsb4tk27a1t90qz1zmar81aasq", "fields": {"session_data": "ZWQ1NTNhNmU4NTRhNTViMTUxNWI4YzU5MTEwYzg5OWFiNWIxNDU4Yzp7Il9hdXRoX3VzZXJfaWQiOiIxIiwiX2F1dGhfdXNlcl9iYWNrZW5kIjoiZGphbmdvLmNvbnRyaWIuYXV0aC5iYWNrZW5kcy5Nb2RlbEJhY2tlbmQiLCJfYXV0aF91c2VyX2hhc2giOiJkYTE2YzZjOTNlNzk4MmIxMzg1NWY0MjBmYjE2Mjg3NzRjZTc0YzUwIn0=", "expire_date": "2018-10-22T22:31:54.611Z"}}, {"model": "sessions.session", "pk": "ui8362v9lugjegwk9x902c6nyl646glm", "fields": {"session_data": "ZWQ1NTNhNmU4NTRhNTViMTUxNWI4YzU5MTEwYzg5OWFiNWIxNDU4Yzp7Il9hdXRoX3VzZXJfaWQiOiIxIiwiX2F1dGhfdXNlcl9iYWNrZW5kIjoiZGphbmdvLmNvbnRyaWIuYXV0aC5iYWNrZW5kcy5Nb2RlbEJhY2tlbmQiLCJfYXV0aF91c2VyX2hhc2giOiJkYTE2YzZjOTNlNzk4MmIxMzg1NWY0MjBmYjE2Mjg3NzRjZTc0YzUwIn0=", "expire_date": "2018-10-23T05:50:13.938Z"}}, {"model": "sessions.session", "pk": "uu6mbiiry1ul7a3iltabdocdfwrk9xsc", "fields": {"session_data": "ZWQ1NTNhNmU4NTRhNTViMTUxNWI4YzU5MTEwYzg5OWFiNWIxNDU4Yzp7Il9hdXRoX3VzZXJfaWQiOiIxIiwiX2F1dGhfdXNlcl9iYWNrZW5kIjoiZGphbmdvLmNvbnRyaWIuYXV0aC5iYWNrZW5kcy5Nb2RlbEJhY2tlbmQiLCJfYXV0aF91c2VyX2hhc2giOiJkYTE2YzZjOTNlNzk4MmIxMzg1NWY0MjBmYjE2Mjg3NzRjZTc0YzUwIn0=", "expire_date": "2018-10-08T01:32:15.469Z"}}, {"model": "educations.education", "pk": 1, "fields": {"title": "Certificate in Python Programming", "institution": "University of Washington", "location": "Seattle, WA", "date": "2018-08-01", "text": "<p>Eight-month Python certificate, through University of Washington. Three courses: Programming in Python, Internet Programming in Python, System Development with Python.</p>\r\n\r\n<h2>Tech stack</h2>\r\n\r\n<p>Python, Django, Flask, Pyramid, AWS, Heroku, Databases, JSON, CSV, Highcharts, Git, HTTP</p>\r\n\r\n<h2>Capstone group project</h2>\r\n\r\n<p><a href=\"http://happynet.io/\" target=\"_blank\">HappyNet.io</a></p>\r\n\r\n<p><a href=\"https://github.com/happynet/happynet\" target=\"_blank\">HappyNet GitHub and README</a></p>\r\n\r\n<p>Tech stack I used: Python, Django, JavaScript, jQuery, AWS EC2, Highcharts, CSS, HTML</p>\r\n\r\n<p>HappyNet is the solution for engineers who are network troubleshooters at heart, bringing automation to network tasks.</p>\r\n\r\n<p><img alt=\"HappyNet interface\" src=\"/media/uploads/2018/09/27/happynet.png\" style=\"width:100%\" /></p>\r\n\r\n<h2>Individual projects</h2>\r\n\r\n<h3>Swedish and Spanish interactive phrase book quizzes</h3>\r\n\r\n<p>I had way too many physical index cards to keep track of, so why not turn it into a web app...</p>\r\n\r\n<p><a href=\"https://github.com/mikebozee/swedish-vocab\" target=\"_blank\">Phrase Book GitHub</a></p>\r\n\r\n<p><a href=\"https://swedish-phrase-book.herokuapp.com/swedish\" target=\"_blank\">Deployed Swedish Phrase Book</a></p>\r\n\r\n<p><a href=\"https://swedish-phrase-book.herokuapp.com/spanish\" target=\"_blank\">Deployed Spanish Phrase Book</a></p>\r\n\r\n<p>Tech stack I&nbsp;used: Python, Flask, Heroku, JavaScript, jQuery, CSV, HTML, CSS</p>\r\n\r\n<p><img alt=\"Swedish Phrase Book screenshot\" src=\"/media/uploads/2018/09/27/swedish-phrase-book.png\" style=\"width:100%\" /></p>\r\n\r\n<p><img alt=\"Spanish Phrase Book screenshot\" src=\"/media/uploads/2018/09/27/spanish-phrase-book.png\" style=\"width:100%\" /></p>\r\n\r\n<h3>Mailroom course project</h3>\r\n\r\n<p>Part of certificate curriculum. Keeping track of donations and generating &quot;thank you&quot; letters. Keyboard-activated.</p>\r\n\r\n<p><a href=\"https://mailroomapp.herokuapp.com/\" target=\"_blank\">Deployed Mailroom version one</a></p>\r\n\r\n<p><a href=\"https://mailroomdev.herokuapp.com/\" target=\"_blank\">Deployed Mailroom version two</a></p>\r\n\r\n<p>Tech stack I used: Python, Flask, JavaScript, jQuery, Heroku, CSS, HTML</p>\r\n\r\n<p><img alt=\"Mailroom interface\" src=\"/media/uploads/2018/09/28/mailroom-1.png\" style=\"width:100%\" /></p>\r\n\r\n<p><img alt=\"Mailroom interface\" src=\"/media/uploads/2018/09/28/mailroom-2.png\" style=\"width:100%\" /></p>", "created_date": "2018-08-17T23:11:09Z", "slug": "certificate-python-programming-university-washingt", "image": ""}}, {"model": "educations.education", "pk": 2, "fields": {"title": "BA International Business, Marketing, Management", "institution": "North Central College", "location": "Naperville, IL", "date": "2010-06-01", "text": "<p>Cross-country and Track &amp; Field (2 years). Internalized a whole host of concepts first-hand about teams. Surely a large part of why I take interest in development teams today.</p>\r\n\r\n<p>Study abroad in Seville, Spain.</p>", "created_date": "2018-08-17T23:14:41Z", "slug": "ba-international-business-marketing-management-nor", "image": ""}}, {"model": "educations.education", "pk": 3, "fields": {"title": "TEFL & TESOL Certificate", "institution": "International TEFL Academy", "location": "Chicago, IL", "date": "2011-11-01", "text": "<p>Obtained this certificate prior to teaching English in South Korea. Applicable to working within software teams.</p>", "created_date": "2018-08-17T23:17:17Z", "slug": "tefl-tesol-certificate-international-tefl-academy", "image": ""}}, {"model": "educations.education", "pk": 4, "fields": {"title": "HIPAA Privacy & Security for Business Associates", "institution": "Evolve e-Learning Solutions", "location": "Remote", "date": "2018-01-01", "text": "<p>Obtained this training prior to beginning with a HIPAA compliant web app client project.</p>", "created_date": "2018-08-17T23:18:09Z", "slug": "hipaa-privacy-security-business-associates-evolve", "image": ""}}, {"model": "educations.education", "pk": 5, "fields": {"title": "Intro to Cloud Computing", "institution": "IEEE, edX", "location": "Remote", "date": "2016-06-01", "text": "<p>Overview of coud computing. Nice to have this general context.</p>", "created_date": "2018-08-17T23:22:44Z", "slug": "intro-cloud-computing-ieee-edx", "image": ""}}, {"model": "positions.position", "pk": 1, "fields": {"title": "Web Developer", "company": "UW Foster School of Business", "location": "Seattle", "start_date": "2018-02-01", "end_date": null, "text": "<p>Front-end and back-end development for Foster&#39;s WordPress sites. Project management.</p>\r\n\r\n<h2>Tech stack used</h2>\r\n\r\n<ul>\r\n\t<li>PHP, JavaScript, jQuery</li>\r\n\t<li>CSS, HTML5</li>\r\n\t<li>Git, GitHub,&nbsp;VirtualBox</li>\r\n</ul>", "created_date": "2018-08-15T04:24:45Z", "slug": "web-developer-uw-foster-school-business", "image": "", "logo": "logo-uw-foster_1YyfTxe.png", "projects": [1, 6, 7, 8, 11, 14], "references": [1, 3, 7, 9, 11, 12, 13, 14, 15, 16, 17, 18, 19, 20, 21, 22, 23, 24, 25, 27, 28]}}, {"model": "positions.position", "pk": 2, "fields": {"title": "Founder", "company": "Kyonso LLC", "location": "Seattle", "start_date": "2018-02-01", "end_date": null, "text": "<p>Software and web development services. Created <a href=\"http://kyonso.com/\" target=\"_blank\">Kyonso LLC</a> for&nbsp;contracting purposes.</p>", "created_date": "2018-08-15T04:26:01Z", "slug": "founder-kyonso-llc", "image": "", "logo": "logo-kyonso.png", "projects": [], "references": []}}, {"model": "positions.position", "pk": 3, "fields": {"title": "Web Application Developer", "company": "Bit Bamboo", "location": "Greater Seattle Area", "start_date": "2018-01-01", "end_date": null, "text": "<p>Contractor for <a href=\"http://bitbamboo.com/\" target=\"_blank\">Bit Bamboo</a>. Have worked on web applications for three clients so far.</p>\r\n\r\n<h2>Primary responsibilities</h2>\r\n\r\n<ul>\r\n\t<li>Front-end web app development</li>\r\n\t<li>Back-end web app development</li>\r\n\t<li>Ensuring accessibility standards</li>\r\n</ul>\r\n\r\n<h2>Tech stack used</h2>\r\n\r\n<ul>\r\n\t<li>JavaScript, Backbone.js, jQuery</li>\r\n\t<li>Python, Django</li>\r\n\t<li>Vagrant, Git</li>\r\n\t<li>Less, Sass, CSS, HTML5</li>\r\n</ul>\r\n\r\n<p>Part-time, contract position for client work.</p>", "created_date": "2018-08-15T04:26:40Z", "slug": "web-application-developer-bit-bamboo", "image": "", "logo": "logo-bit-bamboo-square_sUjNHgb.png", "projects": [3, 12], "references": [2, 4]}}, {"model": "positions.position", "pk": 4, "fields": {"title": "Python Teaching Assistant", "company": "UW Professional & Continuing Education", "location": "Seattle", "start_date": "2017-09-01", "end_date": "2017-12-31", "text": "<p><a href=\"https://www.pce.uw.edu/courses/foundations-of-programming-python\" target=\"_blank\">Foundations of Programming (Python)</a> course through University of Washington.</p>\r\n\r\n<h2>Primary responsibilities</h2>\r\n\r\n<ul>\r\n\t<li>Grading assignments</li>\r\n\t<li>Providing constructive feedback on student work</li>\r\n\t<li>Fielding student questions</li>\r\n</ul>", "created_date": "2018-08-15T04:28:22Z", "slug": "python-teaching-assistant-uw-professional-continui", "image": "", "logo": "logo-uw-pce.png", "projects": [], "references": [1, 4, 8]}}, {"model": "positions.position", "pk": 5, "fields": {"title": "UI Developer", "company": "UW Foster School of Business", "location": "Seattle", "start_date": "2015-07-01", "end_date": "2018-02-28", "text": "<h2>Tech stack used</h2>\r\n\r\n<ul>\r\n\t<li>CSS, HTML5, some Sass</li>\r\n\t<li>jQuery, some JavaScript, some PHP</li>\r\n\t<li>Git, GitHub, command line,&nbsp;VirtualBox</li>\r\n\t<li>WordPress, Photoshop, Illustrator, Trello</li>\r\n</ul>\r\n\r\n<p>Front-end design and development for UW Foster Marketing and Communications department.</p>\r\n\r\n<h2>Key accomplishments</h2>\r\n\r\n<ul>\r\n\t<li>Project managed Foster School website retheme, launched Oct 2017.</li>\r\n\t<li>Designed MBA Rankings Calculator, a tool for prospective MBA students to assess their best fit schools. Worked with a developer to build this calculator.</li>\r\n\t<li>Presented calculator at annual <a href=\"http://www.tbsroundtable.org/event-2070402\" target=\"_blank\">TBSr Roundtable</a>, a conference of 60+ IT Directors from US business schools.</li>\r\n\t<li>Presented calculator at University of Washington monthly Web Council, with 30+ employees in attendance.</li>\r\n\t<li>Developed landing page for new Master of Science in Entrepreneurship program, Sep 2016.</li>\r\n\t<li>Developed landing page for new Hybrid MBA program (page generated 100+ prospect inquiries within first week of deployment), Jan 2017.</li>\r\n\t<li>Styled Foster Blog during re-theme.&nbsp;</li>\r\n</ul>", "created_date": "2018-08-15T04:55:28Z", "slug": "ui-developer-uw-foster-school-business", "image": "", "logo": "logo-uw-foster.png", "projects": [1, 6, 7, 8, 11], "references": [1, 3, 7, 9, 10, 11, 12, 13, 14, 16, 17, 18, 19, 20, 21, 22, 23, 24, 25, 27, 28]}}, {"model": "positions.position", "pk": 6, "fields": {"title": "Web & Graphic Designer", "company": "MikeBozee.com Design", "location": "Remote", "start_date": "2013-06-01", "end_date": "2017-12-31", "text": "<p>Freelance web projects.</p>", "created_date": "2018-08-15T04:56:59Z", "slug": "web-graphic-designer-mikebozeecom-design", "image": "", "logo": "logo-mbd.png", "projects": [], "references": [29, 30]}}, {"model": "positions.position", "pk": 7, "fields": {"title": "Native English Teacher", "company": "IVY Language Academy", "location": "Sokcho, South Korea", "start_date": "2013-11-01", "end_date": "2015-04-30", "text": "<p>One of the greatest experiences of my life thus far. Korea is such a wonderful country. Strongly recommend diving head-first into it if you&#39;re considering teaching in Korea.</p>\r\n\r\n<p>Conducted English classes in South Korea for students ranging from first grade through adult.<br />\r\nClass sizes averaged seven students, with approximately one hundred students total at any given<br />\r\ntime. University and adult classes were discussion-based. Provided coaching and guidance for<br />\r\nspeech and writing competitions. Developed ivyclass.org, to share lesson materials with students.</p>\r\n\r\n<p><img alt=\"Engaging students during school party\" src=\"/media/uploads/2018/10/08/ivy2.jpeg\" style=\"height:333px; width:500px\" /></p>\r\n\r\n<p><img alt=\"Engaging students during school party\" src=\"/media/uploads/2018/10/08/ivy1.jpeg\" style=\"height:333px; width:500px\" /></p>", "created_date": "2018-08-15T04:58:17Z", "slug": "native-english-teacher-ivy-language-academy", "image": "", "logo": "logo-ivy.jpg", "projects": [], "references": [30, 31]}}, {"model": "profiles.profile", "pk": 1, "fields": {"first_name": "Mike", "last_name": "Bozee", "linkedin": "MikeBozee", "slug": "mike-bozee"}}, {"model": "profiles.profile", "pk": 2, "fields": {"first_name": "Rick", "last_name": "Riehle", "linkedin": "rickriehle", "slug": "rick-riehle"}}, {"model": "profiles.profile", "pk": 3, "fields": {"first_name": "Joe", "last_name": "Schilz", "linkedin": "jaschilz", "slug": "joe-schilz"}}, {"model": "profiles.profile", "pk": 4, "fields": {"first_name": "Alex", "last_name": "Tokar", "linkedin": "alex-tokar-a05a78", "slug": "alex-tokar"}}, {"model": "profiles.profile", "pk": 5, "fields": {"first_name": "Christy", "last_name": "Heaton", "linkedin": "christyheaton", "slug": "christy-heaton"}}, {"model": "profiles.profile", "pk": 6, "fields": {"first_name": "LA", "last_name": "Smith", "linkedin": "lasmith", "slug": "la-smith"}}, {"model": "profiles.profile", "pk": 7, "fields": {"first_name": "Eric", "last_name": "Nobis", "linkedin": "ecnobis", "slug": "eric-nobis"}}, {"model": "profiles.profile", "pk": 8, "fields": {"first_name": "Chance", "last_name": "Kelch", "linkedin": "chancekelch", "slug": "chance-kelch"}}, {"model": "profiles.profile", "pk": 9, "fields": {"first_name": "Thomas", "last_name": "Mercer", "linkedin": "thomasmercerseattle", "slug": "thomas-mercer"}}, {"model": "profiles.profile", "pk": 10, "fields": {"first_name": "Thom", "last_name": "Thorpe", "linkedin": "twthorpe", "slug": "thom-thorpe"}}, {"model": "profiles.profile", "pk": 11, "fields": {"first_name": "Michael", "last_name": "Gregor", "linkedin": "michaelgregorit", "slug": "michael-gregor"}}, {"model": "profiles.profile", "pk": 12, "fields": {"first_name": "Randal", "last_name": "Root", "linkedin": "randalroot", "slug": "randal-root"}}, {"model": "profiles.profile", "pk": 13, "fields": {"first_name": "Matt", "last_name": "Pressnall", "linkedin": "mattpressnall", "slug": "matt-pressnall"}}, {"model": "profiles.profile", "pk": 14, "fields": {"first_name": "Steven", "last_name": "Hatting", "linkedin": "steven-hatting-990264", "slug": "steven-hatting"}}, {"model": "profiles.profile", "pk": 15, "fields": {"first_name": "Mick", "last_name": "Westrick", "linkedin": "mick-westrick-423b545", "slug": "mick-westrick"}}, {"model": "profiles.profile", "pk": 16, "fields": {"first_name": "Larry", "last_name": "Fritts", "linkedin": "lfritts", "slug": "larry-fritts"}}, {"model": "profiles.profile", "pk": 17, "fields": {"first_name": "Jeff", "last_name": "Shulman", "linkedin": "jeffrey-shulman-6a3a5987", "slug": "jeff-shulman"}}, {"model": "projects.project", "pk": 1, "fields": {"published": true, "title": "UW Foster Retheme", "text": "<h2>Project info</h2>\r\n\r\n<ul>\r\n\t<li><a href=\"https://foster.uw.edu/\" target=\"_blank\">Foster site</a></li>\r\n\t<li>Duration: Sep&nbsp;2016 - Oct 2017</li>\r\n\t<li>Migrate the Foster website from old WordPress theme to UW WordPress theme</li>\r\n\t<li>Developed Foster-specific components</li>\r\n\t<li>Greatly improved UX, UI, accessibility, performance, and maintainability of the site</li>\r\n</ul>\r\n\r\n<h2>My role</h2>\r\n\r\n<ul>\r\n\t<li>Web development: designed and developed Foster component library</li>\r\n\t<li>Project management: coordinated timelines, resources, the dev cycle, and key project members (developers, colleagues across UW, coworkers)</li>\r\n\t<li>Documentation: detailed and communicated processes, design specs, use cases, and deliverables</li>\r\n\t<li>Presented on the retheme project at UW&#39;s monthly Web Council, with 40+ employees in attendance</li>\r\n</ul>\r\n\r\n<h2>Homepage post-launch</h2>\r\n\r\n<p><a data-lightbox=\"Homepage post-launch\" data-lightbox-saved=\"UW Foster retheme\" data-title=\"Homepage post-launch\" href=\"/media/uploads/2018/09/29/foster-retheme-new-homepage.jpg\" title=\"\r\n&lt;p&gt;&lt;a data-lightbox=\"><img alt=\"UW Foster homepage post-launch\" src=\"/media/uploads/2018/09/29/foster-retheme-new-homepage.jpg\" style=\"width:50%\" /></a></p>\r\n\r\n<h2>Homepage pre-launch</h2>\r\n\r\n<p><a data-lightbox=\"Homepage pre-launch\" data-lightbox-saved=\"UW Foster retheme\" data-title=\"Homepage pre-launch\" href=\"/media/uploads/2018/09/29/foster-retheme-old-homepage.jpg\" title=\"Homepage pre-launch\"><img alt=\"UW Foster homepage pre-launch\" src=\"/media/uploads/2018/09/29/foster-retheme-old-homepage.jpg\" style=\"width:50%\" /></a></p>\r\n\r\n<h2>Foster component library</h2>\r\n\r\n<p><a href=\"https://foster.uw.edu/wp-content/uploads/2017-projects/boundless-shortcodes-custom/index.html\" target=\"_blank\">Hosted version of these component specs</a></p>\r\n\r\n<p><a data-lightbox=\"Shortcode specs\" data-lightbox-saved=\"UW Foster retheme\" data-title=\"Shortcode specs\" href=\"/media/uploads/2018/09/30/foster-retheme-shortcode-specs.jpg\" title=\"Shortcode specs\"><img alt=\"UW Foster shortcode specs\" src=\"/media/uploads/2018/09/30/foster-retheme-shortcode-specs.jpg\" style=\"width:50%\" /></a></p>\r\n\r\n<h2>Example pages before and after project</h2>\r\n\r\n<p>Before: MSCM homepage</p>\r\n\r\n<p><a data-lightbox=\"MSCM homepage pre-launch\" data-lightbox-saved=\"UW Foster retheme\" data-title=\"MSCM homepage pre-launch specs\" href=\"/media/uploads/2018/09/30/foster-retheme-old-mscm.jpg\" title=\"MSCM homepage pre-launch\"><img alt=\"UW Foster shortcode specs\" src=\"/media/uploads/2018/09/30/foster-retheme-old-mscm.jpg\" style=\"width:50%\" /></a></p>\r\n\r\n<p>After: <a href=\"https://foster.uw.edu/academics/degree-programs/master-of-science-in-information-systems/\" target=\"_blank\">MSIS homepage</a></p>\r\n\r\n<p><a data-lightbox=\"MSIS homepage post-launch\" data-lightbox-saved=\"UW Foster retheme\" data-title=\"MSIS homepage post-launch specs\" href=\"/media/uploads/2018/09/30/foster-retheme-new-msis.jpg\" title=\"MSIS homepage post-launch\"><img alt=\"UW Foster shortcode specs\" src=\"/media/uploads/2018/09/30/foster-retheme-new-msis.jpg\" style=\"width:50%\" /></a></p>", "created_date": "2018-08-02T21:41:55Z", "published_date": "2018-10-02T14:59:26.970Z", "slug": "uw-foster-retheme", "image": "uw-foster-featured.jpg"}}, {"model": "projects.project", "pk": 2, "fields": {"published": true, "title": "HappyNet", "text": "<p><a href=\"http://happynet.io/\" target=\"_blank\">HappyNet.io</a></p>\r\n\r\n<p><a href=\"https://github.com/happynet/happynet\" target=\"_blank\">HappyNet GitHub and README</a></p>\r\n\r\n<p>Tech stack I used: Python, Django, JavaScript, jQuery, AWS EC2, Highcharts, CSS, HTML</p>\r\n\r\n<p>HappyNet is the solution for engineers who are network troubleshooters at heart, bringing automation to network tasks.</p>\r\n\r\n<p><img alt=\"HappyNet interface\" src=\"/media/uploads/2018/09/27/happynet.png\" style=\"width:100%\" /></p>", "created_date": "2018-08-14T03:38:05Z", "published_date": "2018-09-29T20:23:09.872Z", "slug": "happynet", "image": "happynet-featured.jpg"}}, {"model": "projects.project", "pk": 3, "fields": {"published": true, "title": "NNRG Wood Search", "text": "<p>See <a href=\"https://www.nnrg.org/certified-wood-search/\" target=\"_blank\">NNRG Wood Search in production</a>, embedded in the NNRG site.</p>\r\n\r\n<h2>Project info</h2>\r\n\r\n<ul>\r\n\t<li>Wood database for the <a href=\"https://www.nnrg.org/\" target=\"_blank\">Nortwest Natural Resource Group</a></li>\r\n\t<li>End users: wood retailers, distrubutors, and contractors</li>\r\n</ul>\r\n\r\n<h2>My role</h2>\r\n\r\n<ul>\r\n\t<li>Front-end: Backbone.js, , JavaScript, UI, Python templates</li>\r\n\t<li>Contract work</li>\r\n</ul>\r\n\r\n<p><a data-lightbox=\"NNRG Wood Search\" data-lightbox-saved=\"NNRG Wood Search\" data-title=\"NNRG Wood Search\" href=\"/media/nnrg-new-featured.png\" title=\"\r\n&lt;p&gt;&lt;a data-lightbox=\"><img alt=\"NNRG Wood Search\" src=\"/media/nnrg-new-featured.png\" style=\"width:50%\" /></a></p>", "created_date": "2018-08-14T03:49:50Z", "published_date": "2018-10-08T23:46:30.199Z", "slug": "nnrg-wood-search", "image": "nnrg-new-featured.png"}}, {"model": "projects.project", "pk": 4, "fields": {"published": true, "title": "Phrasebook Quiz", "text": "<h3>Swedish and Spanish interactive phrase book quizzes</h3>\r\n\r\n<p>I had way too many physical index cards to keep track of, so why not turn it into a web app...</p>\r\n\r\n<p><a href=\"https://github.com/mikebozee/swedish-vocab\" target=\"_blank\">Phrase Book GitHub</a></p>\r\n\r\n<p><a href=\"https://swedish-phrase-book.herokuapp.com/swedish\" target=\"_blank\">Deployed Swedish Phrase Book</a></p>\r\n\r\n<p><a href=\"https://swedish-phrase-book.herokuapp.com/spanish\" target=\"_blank\">Deployed Spanish Phrase Book</a></p>\r\n\r\n<p>Tech stack I&nbsp;used: Python, Flask, Heroku, JavaScript, jQuery, CSV, HTML, CSS</p>\r\n\r\n<p><img alt=\"Swedish Phrase Book screenshot\" src=\"/media/uploads/2018/09/27/swedish-phrase-book.png\" style=\"width:100%\" /></p>\r\n\r\n<p><img alt=\"Spanish Phrase Book screenshot\" src=\"/media/uploads/2018/09/27/spanish-phrase-book.png\" style=\"width:100%\" /></p>", "created_date": "2018-08-14T03:52:02Z", "published_date": "2018-09-29T20:22:58.017Z", "slug": "phrasebook-quiz", "image": "swedish-phrase-book-featured.jpg"}}, {"model": "projects.project", "pk": 5, "fields": {"published": true, "title": "LegendaryOctoSniffle", "text": "<h2>Project info</h2>\r\n\r\n<ul>\r\n\t<li><a href=\"https://github.com/LegendaryOctoSniffle\" target=\"_blank\">Legendary OctoSniffle on GitHub</a></li>\r\n\t<li><a href=\"https://github.com/LegendaryOctoSniffle/Printer#march-11th-110pm-suzallo-library-university-of-washington\" target=\"_blank\">Project outline</a></li>\r\n\t<li><a href=\"https://github.com/LegendaryOctoSniffle/Printer/tree/master/meeting-03\" target=\"_blank\">Example meeting</a></li>\r\n\t<li>Building 3D printers with a small group of friends</li>\r\n\t<li>We each are building our own, based on the same specs</li>\r\n</ul>\r\n\r\n<h2>My role</h2>\r\n\r\n<ul>\r\n\t<li>Meeting documentation and planning</li>\r\n\t<li>Building my own</li>\r\n</ul>\r\n\r\n<p><a data-lightbox=\"LegendaryOctoSniffle\" data-lightbox-saved=\"UW Foster retheme\" data-title=\"LegendaryOctoSniffle\" href=\"/media/uploads/2018/10/02/legendaryoctosniffle-1.jpg\" title=\"LegendaryOctoSniffle\"><img alt=\"LegendaryOctoSniffle\" src=\"/media/uploads/2018/10/02/legendaryoctosniffle-1.jpg\" style=\"width:50%\" /></a></p>\r\n\r\n<p><a data-lightbox=\"LegendaryOctoSniffle\" data-lightbox-saved=\"UW Foster retheme\" data-title=\"LegendaryOctoSniffle\" href=\"/media/uploads/2018/10/02/legendaryoctosniffle-2.jpg\" title=\"LegendaryOctoSniffle\"><img alt=\"LegendaryOctoSniffle\" src=\"/media/uploads/2018/10/02/legendaryoctosniffle-2.jpg\" style=\"width:50%\" /></a></p>\r\n\r\n<p><a data-lightbox=\"LegendaryOctoSniffle\" data-lightbox-saved=\"UW Foster retheme\" data-title=\"LegendaryOctoSniffle\" href=\"/media/uploads/2018/10/02/legendaryoctosniffle-3.jpg\" title=\"LegendaryOctoSniffle\"><img alt=\"LegendaryOctoSniffle\" src=\"/media/uploads/2018/10/02/legendaryoctosniffle-3.jpg\" style=\"width:50%\" /></a></p>", "created_date": "2018-08-14T03:56:54Z", "published_date": "2018-10-02T12:10:01.423Z", "slug": "legendaryoctosniffle", "image": "legendaryoctosniffle-featured.jpg"}}, {"model": "projects.project", "pk": 6, "fields": {"published": true, "title": "UW Foster Blog", "text": "<p>Designed UI for new <a href=\"http://depts.washington.edu/foster/\" target=\"_blank\">UW Foster Blog </a>theme, leading to higher overall usability and engagement.</p>", "created_date": "2018-08-15T03:34:20Z", "published_date": "2018-10-08T17:42:00.449Z", "slug": "uw-foster-school-business-blog", "image": "uw-foster-blog-featured.png"}}, {"model": "projects.project", "pk": 7, "fields": {"published": true, "title": "MBA Rankings Calculator", "text": "<p>Try the <a href=\"https://foster.uw.edu/business-school-rankings/\" target=\"_blank\">MBA Rankings Calculator</a> for yourself!</p>\r\n\r\n<h2>Project info</h2>\r\n\r\n<ul>\r\n\t<li>For prospective MBA students to assess their best fit schools</li>\r\n\t<li>First major project during my time at UW Foster</li>\r\n\t<li><a href=\"https://poetsandquants.com/2016/03/10/interactive-b-school-ranking-tool-debuts/\" target=\"_blank\">Poets &amp; Quants coverage</a></li>\r\n\t<li>For nearly a year was #11 Google result for &quot;business school rankings&quot;</li>\r\n\t<li>Considerably well received by business school deans across the US</li>\r\n\t<li>Currently going accessibility assessment and improvement (Oct 2018)</li>\r\n</ul>\r\n\r\n<h2>My role</h2>\r\n\r\n<ul>\r\n\t<li>UI design and interaction</li>\r\n\t<li>Conducted usability interviews: 5 in-person MBA prospects</li>\r\n\t<li>Met with UW Foster dean-level leadership throughout the project</li>\r\n\t<li>Presented on the MBA Rankings Calculator at the 2017 annual <a href=\"http://www.tbsroundtable.org/event-2070402\" target=\"_blank\">TBSr Roundtable</a>, a conference of 60+ IT Directors from US business schools</li>\r\n\t<li>Presented at UW&#39;s monthly Web Council, with 30+ employees in attendance</li>\r\n</ul>\r\n\r\n<p><a data-lightbox=\"MBA Rankings Calculator\" data-lightbox-saved=\"MBA Rankings Calculator\" data-title=\"MBA Rankings Calculator\" href=\"/media/uploads/2018/10/02/mba-calc-1.jpg\" title=\"MBA Rankings Calculator\"><img alt=\"MBA Rankings Calculator\" src=\"/media/uploads/2018/10/02/mba-calc-1.jpg\" style=\"width:50%\" /></a></p>", "created_date": "2018-08-15T03:36:03Z", "published_date": "2018-10-02T15:02:03.852Z", "slug": "mba-rankings-calculator", "image": "mba-calc-featured.jpg"}}, {"model": "projects.project", "pk": 8, "fields": {"published": true, "title": "UW Foster Giving Form", "text": "<p><a href=\"https://foster.uw.edu/invest-in-foster/give/\" target=\"_blank\">View the UW Foster Giving Form in production.</a></p>\r\n\r\n<p>I developed a solution to a common problem among UW Annual Giving departments, by allowing certain funds to be featured. When donors complete each step of the user flow, a piece of the final query string is constructed. This query string then generated the iframe giving form in the final step, which has the chosen fund, dollar amount, and giving frequency.</p>", "created_date": "2018-08-15T03:36:23Z", "published_date": "2018-10-08T17:55:37.590Z", "slug": "uw-foster-giving-form", "image": "foster-giving-form-featured.jpg"}}, {"model": "projects.project", "pk": 9, "fields": {"published": false, "title": "Spotify API", "text": "<p>sit</p>", "created_date": "2018-08-15T03:37:33Z", "published_date": "2018-08-15T03:39:20.014Z", "slug": "spotify-api", "image": ""}}, {"model": "projects.project", "pk": 10, "fields": {"published": true, "title": "Mailroom", "text": "<h3>Mailroom course project</h3>\r\n\r\n<p>Part of certificate curriculum. Keeping track of donations and generating &quot;thank you&quot; letters. Keyboard-activated.</p>\r\n\r\n<p><a href=\"https://mailroomapp.herokuapp.com/\" target=\"_blank\">Deployed Mailroom version one</a></p>\r\n\r\n<p><a href=\"https://mailroomdev.herokuapp.com/\" target=\"_blank\">Deployed Mailroom version two</a></p>\r\n\r\n<p>Tech stack I used: Python, Flask, JavaScript, jQuery, Heroku, CSS, HTML</p>\r\n\r\n<p><img alt=\"Mailroom interface\" src=\"/media/uploads/2018/09/28/mailroom-1.png\" style=\"width:100%\" /></p>\r\n\r\n<p><img alt=\"Mailroom interface\" src=\"/media/uploads/2018/09/28/mailroom-2.png\" style=\"width:100%\" /></p>", "created_date": "2018-08-15T03:39:37Z", "published_date": "2018-10-02T12:22:09.610Z", "slug": "mailroom", "image": "mailroom-1-featured.jpg"}}, {"model": "projects.project", "pk": 11, "fields": {"published": true, "title": "UW Foster Components", "text": "<p>Component library for UW Foster&#39;s retheme project. Coded these specs for our PHP developer to integrate into WordPress. I thoroughly documented the components, provided use cases, and met with stakeholders to assure this library would meet Foster&#39;s needs.</p>\r\n\r\n<p><a href=\"https://foster.uw.edu/wp-content/uploads/2017-projects/boundless-shortcodes-custom/index.html\" target=\"_blank\">Hosted version of these component specs</a></p>", "created_date": "2018-08-15T03:40:07Z", "published_date": "2018-10-08T17:48:54.744Z", "slug": "uw-foster-components", "image": "foster-components-featured.jpg"}}, {"model": "projects.project", "pk": 12, "fields": {"published": false, "title": "ibestt", "text": "<p>lorem</p>", "created_date": "2018-08-15T03:41:35Z", "published_date": "2018-08-15T03:43:18.988Z", "slug": "ibestt", "image": ""}}, {"model": "projects.project", "pk": 13, "fields": {"published": false, "title": "Professional Portfolio", "text": "<p>lorem</p>", "created_date": "2018-08-15T03:58:17Z", "published_date": "2018-08-15T03:59:12.043Z", "slug": "professional-portfolio", "image": ""}}, {"model": "projects.project", "pk": 14, "fields": {"published": true, "title": "UW Foster Hosting Migration", "text": "<p>Project managed migrating the UW Foster websites to a new hosting provider. Obtained domain certificates and strategized around implementation.</p>", "created_date": "2018-09-25T12:13:03Z", "published_date": "2018-10-08T18:00:55.868Z", "slug": "uw-foster-hosting-migration", "image": "foster-migration-featured.jpg"}}, {"model": "references.reference", "pk": 1, "fields": {"published": true, "first_name": "LA", "last_name": "Smith", "text": "<p>Mike Bozee is, simply put, an <strong>outstanding web development professional</strong> who embodies an unusual and effective combination of technical acumen, professional discipline, and marketing savvy. He has <strong>emerged as a thought leader in our organization</strong>, helping shape and guide the direction we are taking on the web to achieve the Foster school&rsquo;s goals. That he has done so quietly and with little fanfare (and <strong>no ego</strong>) is a testament to his professionalism and commitment to doing world-class work. Moreover, he manages to accomplish all this while <strong>endearing himself to colleagues and clients alike</strong>. As his manager, I have come to appreciate his calm and professional demeanor, his <strong>enthusiastic and innovative approach to problem-solving</strong>, and his commitment to <strong>disciplined project management</strong>.</p>", "created_date": "2018-09-24T13:07:35Z", "slug": "la-smith", "image": "smith-la-headshot_herjZCB.jpeg", "link": "https://www.linkedin.com/in/lasmith/", "relationship": "Direct supervisor,Mentor", "notes": "", "positions": [1, 5], "projects": [1, 6, 7, 8, 11], "educations": [1]}}, {"model": "references.reference", "pk": 2, "fields": {"published": false, "first_name": "Alex", "last_name": "Tokar", "text": "<p>Lorem.</p>", "created_date": "2018-09-24T13:19:40Z", "slug": "alex-tokar", "image": "tokar-alex-headshot_IDJ8Edd.jpeg", "link": "https://www.linkedin.com/in/alex-tokar-a05a78/", "relationship": "Direct supervisor,Client,Mentor", "notes": "", "positions": [3], "projects": [3, 12], "educations": [4]}}, {"model": "references.reference", "pk": 3, "fields": {"published": false, "first_name": "Eric", "last_name": "Nobis", "text": "<p>Lorem.</p>", "created_date": "2018-09-24T13:20:19Z", "slug": "eric-nobis", "image": "nobis-eric-headshot_8kUigAl.jpeg", "link": "https://www.linkedin.com/in/ecnobis/", "relationship": "", "notes": "", "positions": [1, 5], "projects": [1, 6, 7, 8, 11], "educations": []}}, {"model": "references.reference", "pk": 4, "fields": {"published": false, "first_name": "Rick", "last_name": "Riehle", "text": "<p>Lorem.</p>", "created_date": "2018-09-24T13:21:06Z", "slug": "rick-riehle", "image": "riehle-rick-headshot_MGJrGjx.jpeg", "link": "https://www.linkedin.com/in/rickriehle/", "relationship": "Coworker,Instructor,Mentor", "notes": "", "positions": [3, 4], "projects": [2, 3, 4, 10], "educations": [1]}}, {"model": "references.reference", "pk": 5, "fields": {"published": false, "first_name": "Joe", "last_name": "Schilz", "text": "<p>Lorem.</p>", "created_date": "2018-09-24T13:22:41Z", "slug": "joe-schilz", "image": "schilz-joe-headshot_GhqYQ1t.jpeg", "link": "https://www.linkedin.com/in/jaschilz/", "relationship": "Instructor,Mentor", "notes": "", "positions": [4], "projects": [2, 5], "educations": [1]}}, {"model": "references.reference", "pk": 6, "fields": {"published": false, "first_name": "Christy", "last_name": "Heaton", "text": "<p>Lorem.</p>", "created_date": "2018-09-24T13:25:13Z", "slug": "christy-heaton", "image": "heaton-christy-headshot_EDaGM79.jpeg", "link": "https://www.linkedin.com/in/christyheaton/", "relationship": "Instructor", "notes": "", "positions": [4], "projects": [2], "educations": [1]}}, {"model": "references.reference", "pk": 7, "fields": {"published": false, "first_name": "Steven", "last_name": "Hatting", "text": "<p>Lorem.</p>", "created_date": "2018-09-24T13:26:35Z", "slug": "steven-hatting", "image": "hatting-steven-headshot_WoaBjlL.jpeg", "link": "https://www.linkedin.com/in/steven-hatting-990264/", "relationship": "", "notes": "", "positions": [1, 5], "projects": [1, 6, 7, 8, 11], "educations": []}}, {"model": "references.reference", "pk": 8, "fields": {"published": false, "first_name": "Randal", "last_name": "Root", "text": "<p>Lorem.</p>", "created_date": "2018-09-24T13:27:35Z", "slug": "randal-root", "image": "root-randal-headshot_9oBF18L.jpeg", "link": "https://www.linkedin.com/in/randalroot/", "relationship": "Direct supervisor,Mentor", "notes": "", "positions": [4], "projects": [], "educations": [1]}}, {"model": "references.reference", "pk": 9, "fields": {"published": false, "first_name": "Andrea", "last_name": "Bowers", "text": "<p>Lorem.</p>", "created_date": "2018-09-24T13:28:49Z", "slug": "andrea-bowers", "image": "bowers-andrea-headshot_fDpAoX0.jpeg", "link": "https://www.linkedin.com/in/andreabowers/", "relationship": "Coworker", "notes": "", "positions": [1, 4, 5], "projects": [1, 5, 6, 7, 8, 11], "educations": [1]}}, {"model": "references.reference", "pk": 10, "fields": {"published": false, "first_name": "Sarah", "last_name": "Massey", "text": "<p>Lorem.</p>", "created_date": "2018-09-24T13:30:01Z", "slug": "sarah-massey", "image": "massey-sarah-headshot_UU6snuP.jpeg", "link": "https://www.linkedin.com/in/sarahemassey/", "relationship": "Coworker", "notes": "", "positions": [5], "projects": [1, 6, 7, 8, 11], "educations": []}}, {"model": "references.reference", "pk": 11, "fields": {"published": false, "first_name": "Jeff", "last_name": "Shulman", "text": "<p>Lorem.</p>", "created_date": "2018-09-24T13:31:33Z", "slug": "jeff-shulman", "image": "shulman-jeff-headshot_xZ3G6sa.jpeg", "link": "https://www.linkedin.com/in/jeffrey-shulman-6a3a5987/", "relationship": "Client", "notes": "", "positions": [1, 5], "projects": [1, 6, 7], "educations": []}}, {"model": "references.reference", "pk": 12, "fields": {"published": false, "first_name": "Thomas", "last_name": "Thorpe", "text": "<p>Lorem.</p>", "created_date": "2018-09-24T13:32:40Z", "slug": "thomas-thorpe", "image": "thorpe-thomas-headshot_Rp2Olc9.jpeg", "link": "https://www.linkedin.com/in/twthorpe/", "relationship": "", "notes": "", "positions": [1, 5], "projects": [1, 6, 7, 8, 11], "educations": []}}, {"model": "references.reference", "pk": 13, "fields": {"published": false, "first_name": "Matt", "last_name": "Pressnall", "text": "<p>Lorem.</p>", "created_date": "2018-09-24T13:33:34Z", "slug": "matt-pressnall", "image": "pressnall-matt-headshot_aEnncLT.jpeg", "link": "https://www.linkedin.com/in/mattpressnall/", "relationship": "Coworker,Mentor,Vendor", "notes": "", "positions": [1, 5], "projects": [1, 6, 7, 8, 11], "educations": [1]}}, {"model": "references.reference", "pk": 14, "fields": {"published": false, "first_name": "Melinda", "last_name": "Early", "text": "<p>Lorem.</p>", "created_date": "2018-09-24T13:34:44Z", "slug": "melinda-early", "image": "early-melinda-headshot_2JSMzqL.jpeg", "link": "https://www.linkedin.com/in/melinda-early-8635a94/", "relationship": "Coworker", "notes": "", "positions": [1, 5], "projects": [1, 6, 7, 8, 11], "educations": []}}, {"model": "references.reference", "pk": 15, "fields": {"published": false, "first_name": "Thomas", "last_name": "Mercer", "text": "<p>Lorem.</p>", "created_date": "2018-09-24T13:35:24Z", "slug": "thomas-mercer", "image": "mercer-thomas-headshot_gLh1BHC.jpeg", "link": "https://www.linkedin.com/in/thomasmercerseattle/", "relationship": "Coworker,Mentor", "notes": "", "positions": [1], "projects": [1, 6, 7, 11], "educations": []}}, {"model": "references.reference", "pk": 16, "fields": {"published": false, "first_name": "Chas", "last_name": "Holden", "text": "<p>Lorem.</p>", "created_date": "2018-09-24T13:37:00Z", "slug": "chas-holden", "image": "holden-chas-headshot_BkSGMZS.jpeg", "link": "https://www.linkedin.com/in/chas-holden-62783816b/", "relationship": "Coworker", "notes": "", "positions": [1, 5], "projects": [1, 6, 7, 8, 11], "educations": [1]}}, {"model": "references.reference", "pk": 17, "fields": {"published": false, "first_name": "Alant\u00e9", "last_name": "Fields", "text": "<p>Lorem.</p>", "created_date": "2018-09-24T13:37:39Z", "slug": "alante-fields", "image": "fields-alante-headshot_MroMxHd.jpeg", "link": "https://www.linkedin.com/in/alante-fields/", "relationship": "Coworker", "notes": "", "positions": [1, 5], "projects": [1, 6, 7, 8, 11], "educations": [1]}}, {"model": "references.reference", "pk": 18, "fields": {"published": false, "first_name": "Danielle", "last_name": "McConnell", "text": "<p>Lorem.</p>", "created_date": "2018-09-24T13:38:19Z", "slug": "danielle-mcconnell", "image": "mcconnell-danielle-headshot_Geo9HxP.jpeg", "link": "https://www.linkedin.com/in/imdanielle17/", "relationship": "Coworker", "notes": "", "positions": [1, 5], "projects": [1, 6, 7, 8, 11], "educations": [1]}}, {"model": "references.reference", "pk": 19, "fields": {"published": false, "first_name": "Paul", "last_name": "Gibson", "text": "<p>Lorem.</p>", "created_date": "2018-09-24T13:39:15Z", "slug": "paul-gibson", "image": "gibson-paul-headshot_B0d2jLR.jpeg", "link": "https://www.linkedin.com/in/pauldavidgibson/", "relationship": "Coworker", "notes": "", "positions": [1, 5], "projects": [1, 6, 7, 8, 11], "educations": []}}, {"model": "references.reference", "pk": 20, "fields": {"published": false, "first_name": "Mick", "last_name": "Westrick", "text": "<p>Lorem.</p>", "created_date": "2018-09-24T13:39:59Z", "slug": "mick-westrick", "image": "westrick-mick-headshot_XnLC5r6.jpeg", "link": "https://www.linkedin.com/in/mick-westrick-423b545/", "relationship": "Coworker", "notes": "", "positions": [1, 5], "projects": [1, 6, 7, 8, 11], "educations": []}}, {"model": "references.reference", "pk": 21, "fields": {"published": false, "first_name": "Emily", "last_name": "Nichols", "text": "<p>Lorem.</p>", "created_date": "2018-09-24T13:40:43Z", "slug": "emily-nichols", "image": "nichols-emily-headshot_9G75XFG.jpeg", "link": "https://www.linkedin.com/in/emily-nichols-26436126/", "relationship": "Coworker,Client", "notes": "", "positions": [1, 5], "projects": [1, 6, 7, 8, 11], "educations": []}}, {"model": "references.reference", "pk": 22, "fields": {"published": false, "first_name": "Sean", "last_name": "McNeil", "text": "<p>Lorem.</p>", "created_date": "2018-09-24T13:41:20Z", "slug": "sean-mcneil", "image": "mcneil-sean-headshot_7XEXWQP.jpeg", "link": "https://www.linkedin.com/in/mcneilsean/", "relationship": "Coworker", "notes": "", "positions": [1, 5], "projects": [1, 6, 7, 11], "educations": [1]}}, {"model": "references.reference", "pk": 23, "fields": {"published": false, "first_name": "Ed", "last_name": "Kromer", "text": "<p>Lorem.</p>", "created_date": "2018-09-24T13:42:25Z", "slug": "ed-kromer", "image": "kromer-ed-headshot_BUEA1BB.jpeg", "link": "https://www.linkedin.com/in/ed-kromer-7b52993/", "relationship": "Coworker", "notes": "", "positions": [1, 5], "projects": [1, 6, 7, 8, 11], "educations": []}}, {"model": "references.reference", "pk": 24, "fields": {"published": false, "first_name": "Melissa", "last_name": "Falcone", "text": "<p>Lorem.</p>", "created_date": "2018-09-24T13:43:09Z", "slug": "melissa-falcone", "image": "falcone-melissa-headshot_EFHkJV8.jpeg", "link": "https://www.linkedin.com/in/melissafalcone/", "relationship": "Coworker", "notes": "", "positions": [1, 5], "projects": [1, 6, 7, 8, 11], "educations": []}}, {"model": "references.reference", "pk": 25, "fields": {"published": false, "first_name": "Samantha", "last_name": "Ogle", "text": "<p>Lorem.</p>", "created_date": "2018-09-24T13:43:56Z", "slug": "samantha-ogle", "image": "ogle-samantha-headshot_3OIBjPW.jpeg", "link": "https://www.linkedin.com/in/samanthaogle/", "relationship": "Coworker,Client", "notes": "", "positions": [1, 5], "projects": [1, 6, 7, 11], "educations": []}}, {"model": "references.reference", "pk": 26, "fields": {"published": false, "first_name": "Chance", "last_name": "Kelch", "text": "<p>Lorem.</p>", "created_date": "2018-09-24T13:44:39Z", "slug": "chance-kelch", "image": "kelch-chance-headshot_1QX9FxN.jpeg", "link": "https://www.linkedin.com/in/chancekelch/", "relationship": "Mentor", "notes": "<p>College track and cross-country teammate first.</p>", "positions": [], "projects": [], "educations": [2]}}, {"model": "references.reference", "pk": 27, "fields": {"published": false, "first_name": "Teresa", "last_name": "Marks", "text": "<p>Lorem.</p>", "created_date": "2018-09-24T13:45:42Z", "slug": "teresa-marks", "image": "marks-teresa-headshot_t1wFSfI.jpeg", "link": "https://www.linkedin.com/in/teresa-marks-7785874/", "relationship": "Coworker", "notes": "", "positions": [1, 5], "projects": [1, 6, 7, 8, 11], "educations": []}}, {"model": "references.reference", "pk": 28, "fields": {"published": false, "first_name": "Anna Marie", "last_name": "Golden", "text": "<p>Lorem.</p>", "created_date": "2018-09-24T13:50:51Z", "slug": "anna-marie-golden", "image": "golden-anna-marie-headshot_ApBes05.jpeg", "link": "https://www.linkedin.com/in/annamariegolden/", "relationship": "", "notes": "", "positions": [1, 5], "projects": [1, 6, 7, 11], "educations": []}}, {"model": "references.reference", "pk": 29, "fields": {"published": false, "first_name": "Jennifer", "last_name": "Baker", "text": "<p>Lorem.</p>", "created_date": "2018-09-24T13:51:36Z", "slug": "jennifer-baker", "image": "baker-jennifer-headshot_S6O6dVu.jpeg", "link": "https://www.linkedin.com/in/jenniferbakerm/", "relationship": "Client", "notes": "<p>Good friend first.</p>", "positions": [6, 7], "projects": [], "educations": [2, 3]}}, {"model": "references.reference", "pk": 30, "fields": {"published": false, "first_name": "Dan", "last_name": "Buys", "text": "<p>Lorem.</p>", "created_date": "2018-09-24T13:52:23Z", "slug": "dan-buys", "image": "buys-dan-headshot_yQOhmTX.jpg", "link": "https://www.linkedin.com/in/daniel-buys-b870b1aa/", "relationship": "Client", "notes": "<p>Good friend first.</p>", "positions": [6, 7], "projects": [], "educations": [2, 3]}}, {"model": "references.reference", "pk": 31, "fields": {"published": true, "first_name": "Charles", "last_name": "Kang", "text": "<p><a href=\"/media/uploads/2018/10/08/ivy-boze-lor.pdf\" target=\"_blank\">View PDF</a></p>\r\n\r\n<p>&nbsp;</p>", "created_date": "2018-09-24T13:53:19Z", "slug": "charles-kang", "image": "kang-charles-headshot.jpg", "link": null, "relationship": "Direct supervisor", "notes": "<p>Letter of reference is unedited.</p>", "positions": [6, 7], "projects": [], "educations": [3]}}, {"model": "stages.stage", "pk": 1, "fields": {"title": "Full-stack @ Big Tech", "location": "Seattle", "start_date": "2018-11-01", "end_date": "2020-11-01", "text": "<p>Craving to be part of a dev team within a large tech company. Internal tooling perhaps. Want to touch the full stack, to make use of by backend and frontend skillsets.</p>", "created_date": "2018-09-25T03:37:03Z", "slug": "full-stack-big-tech-seattle"}}, {"model": "stages.stage", "pk": 2, "fields": {"title": "Teams Management @ Big Tech", "location": "Seattle", "start_date": "2020-11-01", "end_date": "2022-11-01", "text": "<p>The team aspect of software is of particular interest to me. DevOps plays a nice role as well.</p>", "created_date": "2018-09-25T03:42:31Z", "slug": "teams-management-big-tech-seattle"}}, {"model": "stages.stage", "pk": 3, "fields": {"title": "Teams Management @ Big Tech", "location": "Europe", "start_date": "2022-11-01", "end_date": "2027-11-01", "text": "<p>Making the move abroad again is a goal of mine. Especially for managing international teams.</p>", "created_date": "2018-09-25T03:43:31Z", "slug": "teams-management-big-tech-europe"}}, {"model": "taggit.tag", "pk": 3, "fields": {"name": "UW Foster", "slug": "uw-foster"}}, {"model": "taggit.tag", "pk": 4, "fields": {"name": "operations", "slug": "operations"}}, {"model": "taggit.tag", "pk": 5, "fields": {"name": "teams", "slug": "teams"}}, {"model": "taggit.tag", "pk": 6, "fields": {"name": "design", "slug": "design"}}, {"model": "taggit.tag", "pk": 7, "fields": {"name": "usability", "slug": "usability"}}, {"model": "taggit.tag", "pk": 8, "fields": {"name": "character", "slug": "character"}}, {"model": "taggit.tag", "pk": 9, "fields": {"name": "Highcharts", "slug": "highcharts"}}, {"model": "taggit.tag", "pk": 10, "fields": {"name": "Django", "slug": "django"}}, {"model": "taggit.tag", "pk": 11, "fields": {"name": "AWS", "slug": "aws"}}, {"model": "taggit.tag", "pk": 12, "fields": {"name": "Python", "slug": "python"}}, {"model": "taggit.tag", "pk": 13, "fields": {"name": "JavaScript", "slug": "javascript"}}, {"model": "taggit.tag", "pk": 14, "fields": {"name": "UI", "slug": "ui"}}, {"model": "taggit.tag", "pk": 15, "fields": {"name": "Flask", "slug": "flask"}}, {"model": "taggit.tag", "pk": 16, "fields": {"name": "Heroku", "slug": "heroku"}}, {"model": "taggit.tag", "pk": 17, "fields": {"name": "hardware", "slug": "hardware"}}, {"model": "taggit.tag", "pk": 18, "fields": {"name": "API", "slug": "api"}}, {"model": "taggit.tag", "pk": 19, "fields": {"name": "accessibility", "slug": "accessibility"}}, {"model": "taggit.tag", "pk": 20, "fields": {"name": "business", "slug": "business"}}, {"model": "taggit.tag", "pk": 21, "fields": {"name": "Backbone", "slug": "backbone"}}, {"model": "taggit.tag", "pk": 22, "fields": {"name": "teaching", "slug": "teaching"}}, {"model": "taggit.tag", "pk": 23, "fields": {"name": "Korea", "slug": "korea"}}, {"model": "taggit.tag", "pk": 24, "fields": {"name": "UW", "slug": "uw"}}, {"model": "taggit.tag", "pk": 25, "fields": {"name": "security", "slug": "security"}}, {"model": "taggit.tag", "pk": 26, "fields": {"name": "privacy,", "slug": "privacy"}}, {"model": "taggit.tag", "pk": 27, "fields": {"name": "cloud computing", "slug": "cloud-computing"}}, {"model": "taggit.tag", "pk": 28, "fields": {"name": "Foster", "slug": "foster"}}, {"model": "taggit.taggeditem", "pk": 3, "fields": {"tag": 3, "content_type": 8, "object_id": 1}}, {"model": "taggit.taggeditem", "pk": 4, "fields": {"tag": 4, "content_type": 7, "object_id": 1}}, {"model": "taggit.taggeditem", "pk": 5, "fields": {"tag": 5, "content_type": 7, "object_id": 1}}, {"model": "taggit.taggeditem", "pk": 6, "fields": {"tag": 4, "content_type": 7, "object_id": 2}}, {"model": "taggit.taggeditem", "pk": 7, "fields": {"tag": 5, "content_type": 7, "object_id": 2}}, {"model": "taggit.taggeditem", "pk": 8, "fields": {"tag": 4, "content_type": 7, "object_id": 3}}, {"model": "taggit.taggeditem", "pk": 9, "fields": {"tag": 5, "content_type": 7, "object_id": 3}}, {"model": "taggit.taggeditem", "pk": 10, "fields": {"tag": 4, "content_type": 7, "object_id": 4}}, {"model": "taggit.taggeditem", "pk": 11, "fields": {"tag": 5, "content_type": 7, "object_id": 4}}, {"model": "taggit.taggeditem", "pk": 12, "fields": {"tag": 6, "content_type": 7, "object_id": 5}}, {"model": "taggit.taggeditem", "pk": 13, "fields": {"tag": 7, "content_type": 7, "object_id": 5}}, {"model": "taggit.taggeditem", "pk": 14, "fields": {"tag": 8, "content_type": 7, "object_id": 6}}, {"model": "taggit.taggeditem", "pk": 15, "fields": {"tag": 4, "content_type": 7, "object_id": 7}}, {"model": "taggit.taggeditem", "pk": 16, "fields": {"tag": 6, "content_type": 7, "object_id": 7}}, {"model": "taggit.taggeditem", "pk": 17, "fields": {"tag": 8, "content_type": 7, "object_id": 8}}, {"model": "taggit.taggeditem", "pk": 18, "fields": {"tag": 8, "content_type": 7, "object_id": 9}}, {"model": "taggit.taggeditem", "pk": 19, "fields": {"tag": 8, "content_type": 7, "object_id": 10}}, {"model": "taggit.taggeditem", "pk": 20, "fields": {"tag": 8, "content_type": 7, "object_id": 11}}, {"model": "taggit.taggeditem", "pk": 21, "fields": {"tag": 8, "content_type": 7, "object_id": 12}}, {"model": "taggit.taggeditem", "pk": 22, "fields": {"tag": 4, "content_type": 7, "object_id": 13}}, {"model": "taggit.taggeditem", "pk": 23, "fields": {"tag": 5, "content_type": 7, "object_id": 13}}, {"model": "taggit.taggeditem", "pk": 24, "fields": {"tag": 6, "content_type": 7, "object_id": 14}}, {"model": "taggit.taggeditem", "pk": 25, "fields": {"tag": 9, "content_type": 8, "object_id": 2}}, {"model": "taggit.taggeditem", "pk": 26, "fields": {"tag": 10, "content_type": 8, "object_id": 2}}, {"model": "taggit.taggeditem", "pk": 27, "fields": {"tag": 11, "content_type": 8, "object_id": 2}}, {"model": "taggit.taggeditem", "pk": 28, "fields": {"tag": 12, "content_type": 8, "object_id": 2}}, {"model": "taggit.taggeditem", "pk": 29, "fields": {"tag": 13, "content_type": 8, "object_id": 3}}, {"model": "taggit.taggeditem", "pk": 30, "fields": {"tag": 14, "content_type": 8, "object_id": 3}}, {"model": "taggit.taggeditem", "pk": 31, "fields": {"tag": 12, "content_type": 8, "object_id": 4}}, {"model": "taggit.taggeditem", "pk": 32, "fields": {"tag": 13, "content_type": 8, "object_id": 4}}, {"model": "taggit.taggeditem", "pk": 33, "fields": {"tag": 14, "content_type": 8, "object_id": 4}}, {"model": "taggit.taggeditem", "pk": 34, "fields": {"tag": 15, "content_type": 8, "object_id": 4}}, {"model": "taggit.taggeditem", "pk": 35, "fields": {"tag": 16, "content_type": 8, "object_id": 4}}, {"model": "taggit.taggeditem", "pk": 36, "fields": {"tag": 17, "content_type": 8, "object_id": 5}}, {"model": "taggit.taggeditem", "pk": 37, "fields": {"tag": 3, "content_type": 8, "object_id": 6}}, {"model": "taggit.taggeditem", "pk": 38, "fields": {"tag": 3, "content_type": 8, "object_id": 7}}, {"model": "taggit.taggeditem", "pk": 39, "fields": {"tag": 3, "content_type": 8, "object_id": 8}}, {"model": "taggit.taggeditem", "pk": 40, "fields": {"tag": 18, "content_type": 8, "object_id": 9}}, {"model": "taggit.taggeditem", "pk": 41, "fields": {"tag": 12, "content_type": 8, "object_id": 9}}, {"model": "taggit.taggeditem", "pk": 42, "fields": {"tag": 12, "content_type": 8, "object_id": 10}}, {"model": "taggit.taggeditem", "pk": 43, "fields": {"tag": 3, "content_type": 8, "object_id": 11}}, {"model": "taggit.taggeditem", "pk": 44, "fields": {"tag": 14, "content_type": 8, "object_id": 11}}, {"model": "taggit.taggeditem", "pk": 45, "fields": {"tag": 19, "content_type": 8, "object_id": 12}}, {"model": "taggit.taggeditem", "pk": 46, "fields": {"tag": 13, "content_type": 8, "object_id": 12}}, {"model": "taggit.taggeditem", "pk": 47, "fields": {"tag": 14, "content_type": 8, "object_id": 12}}, {"model": "taggit.taggeditem", "pk": 48, "fields": {"tag": 10, "content_type": 8, "object_id": 13}}, {"model": "taggit.taggeditem", "pk": 49, "fields": {"tag": 11, "content_type": 8, "object_id": 13}}, {"model": "taggit.taggeditem", "pk": 50, "fields": {"tag": 12, "content_type": 8, "object_id": 13}}, {"model": "taggit.taggeditem", "pk": 51, "fields": {"tag": 14, "content_type": 8, "object_id": 13}}, {"model": "taggit.taggeditem", "pk": 52, "fields": {"tag": 3, "content_type": 12, "object_id": 1}}, {"model": "taggit.taggeditem", "pk": 53, "fields": {"tag": 20, "content_type": 12, "object_id": 2}}, {"model": "taggit.taggeditem", "pk": 54, "fields": {"tag": 10, "content_type": 12, "object_id": 3}}, {"model": "taggit.taggeditem", "pk": 55, "fields": {"tag": 12, "content_type": 12, "object_id": 3}}, {"model": "taggit.taggeditem", "pk": 56, "fields": {"tag": 13, "content_type": 12, "object_id": 3}}, {"model": "taggit.taggeditem", "pk": 57, "fields": {"tag": 14, "content_type": 12, "object_id": 3}}, {"model": "taggit.taggeditem", "pk": 58, "fields": {"tag": 19, "content_type": 12, "object_id": 3}}, {"model": "taggit.taggeditem", "pk": 59, "fields": {"tag": 21, "content_type": 12, "object_id": 3}}, {"model": "taggit.taggeditem", "pk": 60, "fields": {"tag": 12, "content_type": 12, "object_id": 4}}, {"model": "taggit.taggeditem", "pk": 61, "fields": {"tag": 22, "content_type": 12, "object_id": 4}}, {"model": "taggit.taggeditem", "pk": 62, "fields": {"tag": 3, "content_type": 12, "object_id": 5}}, {"model": "taggit.taggeditem", "pk": 63, "fields": {"tag": 20, "content_type": 12, "object_id": 6}}, {"model": "taggit.taggeditem", "pk": 64, "fields": {"tag": 22, "content_type": 12, "object_id": 7}}, {"model": "taggit.taggeditem", "pk": 65, "fields": {"tag": 23, "content_type": 12, "object_id": 7}}, {"model": "taggit.taggeditem", "pk": 66, "fields": {"tag": 24, "content_type": 13, "object_id": 1}}, {"model": "taggit.taggeditem", "pk": 67, "fields": {"tag": 12, "content_type": 13, "object_id": 1}}, {"model": "taggit.taggeditem", "pk": 68, "fields": {"tag": 20, "content_type": 13, "object_id": 2}}, {"model": "taggit.taggeditem", "pk": 69, "fields": {"tag": 22, "content_type": 13, "object_id": 3}}, {"model": "taggit.taggeditem", "pk": 70, "fields": {"tag": 25, "content_type": 13, "object_id": 4}}, {"model": "taggit.taggeditem", "pk": 71, "fields": {"tag": 26, "content_type": 13, "object_id": 4}}, {"model": "taggit.taggeditem", "pk": 72, "fields": {"tag": 27, "content_type": 13, "object_id": 5}}, {"model": "taggit.taggeditem", "pk": 73, "fields": {"tag": 24, "content_type": 8, "object_id": 14}}, {"model": "taggit.taggeditem", "pk": 74, "fields": {"tag": 28, "content_type": 8, "object_id": 14}}, {"model": "taggit.taggeditem", "pk": 75, "fields": {"tag": 5, "content_type": 7, "object_id": 15}}, {"model": "auth.permission", "pk": 1, "fields": {"name": "Can add log entry", "content_type": 1, "codename": "add_logentry"}}, {"model": "auth.permission", "pk": 2, "fields": {"name": "Can change log entry", "content_type": 1, "codename": "change_logentry"}}, {"model": "auth.permission", "pk": 3, "fields": {"name": "Can delete log entry", "content_type": 1, "codename": "delete_logentry"}}, {"model": "auth.permission", "pk": 4, "fields": {"name": "Can add permission", "content_type": 2, "codename": "add_permission"}}, {"model": "auth.permission", "pk": 5, "fields": {"name": "Can change permission", "content_type": 2, "codename": "change_permission"}}, {"model": "auth.permission", "pk": 6, "fields": {"name": "Can delete permission", "content_type": 2, "codename": "delete_permission"}}, {"model": "auth.permission", "pk": 7, "fields": {"name": "Can add group", "content_type": 3, "codename": "add_group"}}, {"model": "auth.permission", "pk": 8, "fields": {"name": "Can change group", "content_type": 3, "codename": "change_group"}}, {"model": "auth.permission", "pk": 9, "fields": {"name": "Can delete group", "content_type": 3, "codename": "delete_group"}}, {"model": "auth.permission", "pk": 10, "fields": {"name": "Can add user", "content_type": 4, "codename": "add_user"}}, {"model": "auth.permission", "pk": 11, "fields": {"name": "Can change user", "content_type": 4, "codename": "change_user"}}, {"model": "auth.permission", "pk": 12, "fields": {"name": "Can delete user", "content_type": 4, "codename": "delete_user"}}, {"model": "auth.permission", "pk": 13, "fields": {"name": "Can add content type", "content_type": 5, "codename": "add_contenttype"}}, {"model": "auth.permission", "pk": 14, "fields": {"name": "Can change content type", "content_type": 5, "codename": "change_contenttype"}}, {"model": "auth.permission", "pk": 15, "fields": {"name": "Can delete content type", "content_type": 5, "codename": "delete_contenttype"}}, {"model": "auth.permission", "pk": 16, "fields": {"name": "Can add session", "content_type": 6, "codename": "add_session"}}, {"model": "auth.permission", "pk": 17, "fields": {"name": "Can change session", "content_type": 6, "codename": "change_session"}}, {"model": "auth.permission", "pk": 18, "fields": {"name": "Can delete session", "content_type": 6, "codename": "delete_session"}}, {"model": "auth.permission", "pk": 19, "fields": {"name": "Can add article", "content_type": 7, "codename": "add_article"}}, {"model": "auth.permission", "pk": 20, "fields": {"name": "Can change article", "content_type": 7, "codename": "change_article"}}, {"model": "auth.permission", "pk": 21, "fields": {"name": "Can delete article", "content_type": 7, "codename": "delete_article"}}, {"model": "auth.permission", "pk": 22, "fields": {"name": "Can add project", "content_type": 8, "codename": "add_project"}}, {"model": "auth.permission", "pk": 23, "fields": {"name": "Can change project", "content_type": 8, "codename": "change_project"}}, {"model": "auth.permission", "pk": 24, "fields": {"name": "Can delete project", "content_type": 8, "codename": "delete_project"}}, {"model": "auth.permission", "pk": 25, "fields": {"name": "Can add Tag", "content_type": 9, "codename": "add_tag"}}, {"model": "auth.permission", "pk": 26, "fields": {"name": "Can change Tag", "content_type": 9, "codename": "change_tag"}}, {"model": "auth.permission", "pk": 27, "fields": {"name": "Can delete Tag", "content_type": 9, "codename": "delete_tag"}}, {"model": "auth.permission", "pk": 28, "fields": {"name": "Can add Tagged Item", "content_type": 10, "codename": "add_taggeditem"}}, {"model": "auth.permission", "pk": 29, "fields": {"name": "Can change Tagged Item", "content_type": 10, "codename": "change_taggeditem"}}, {"model": "auth.permission", "pk": 30, "fields": {"name": "Can delete Tagged Item", "content_type": 10, "codename": "delete_taggeditem"}}, {"model": "auth.permission", "pk": 31, "fields": {"name": "Can add profile", "content_type": 11, "codename": "add_profile"}}, {"model": "auth.permission", "pk": 32, "fields": {"name": "Can change profile", "content_type": 11, "codename": "change_profile"}}, {"model": "auth.permission", "pk": 33, "fields": {"name": "Can delete profile", "content_type": 11, "codename": "delete_profile"}}, {"model": "auth.permission", "pk": 34, "fields": {"name": "Can add position", "content_type": 12, "codename": "add_position"}}, {"model": "auth.permission", "pk": 35, "fields": {"name": "Can change position", "content_type": 12, "codename": "change_position"}}, {"model": "auth.permission", "pk": 36, "fields": {"name": "Can delete position", "content_type": 12, "codename": "delete_position"}}, {"model": "auth.permission", "pk": 37, "fields": {"name": "Can add education", "content_type": 13, "codename": "add_education"}}, {"model": "auth.permission", "pk": 38, "fields": {"name": "Can change education", "content_type": 13, "codename": "change_education"}}, {"model": "auth.permission", "pk": 39, "fields": {"name": "Can delete education", "content_type": 13, "codename": "delete_education"}}, {"model": "auth.permission", "pk": 40, "fields": {"name": "Can add recommendation", "content_type": 14, "codename": "add_recommendation"}}, {"model": "auth.permission", "pk": 41, "fields": {"name": "Can change recommendation", "content_type": 14, "codename": "change_recommendation"}}, {"model": "auth.permission", "pk": 42, "fields": {"name": "Can delete recommendation", "content_type": 14, "codename": "delete_recommendation"}}, {"model": "auth.permission", "pk": 43, "fields": {"name": "Can add reference", "content_type": 15, "codename": "add_reference"}}, {"model": "auth.permission", "pk": 44, "fields": {"name": "Can change reference", "content_type": 15, "codename": "change_reference"}}, {"model": "auth.permission", "pk": 45, "fields": {"name": "Can delete reference", "content_type": 15, "codename": "delete_reference"}}, {"model": "auth.permission", "pk": 46, "fields": {"name": "Can add stage", "content_type": 16, "codename": "add_stage"}}, {"model": "auth.permission", "pk": 47, "fields": {"name": "Can change stage", "content_type": 16, "codename": "change_stage"}}, {"model": "auth.permission", "pk": 48, "fields": {"name": "Can delete stage", "content_type": 16, "codename": "delete_stage"}}, {"model": "auth.user", "pk": 1, "fields": {"password": "pbkdf2_sha256$100000$Yq3HxHMPTcPe$hWEMvyINdaauMHX1htL9W+rXD2gWXSQeTCae3FGysEA=", "last_login": "2018-10-09T05:50:13.934Z", "is_superuser": true, "username": "mikebozee", "first_name": "", "last_name": "", "email": "mike@mikebozee.com", "is_staff": true, "is_active": true, "date_joined": "2018-08-02T03:30:12.029Z", "groups": [], "user_permissions": []}}, {"model": "articles.article", "pk": 1, "fields": {"published": false, "author": 1, "title": "Eliminate, Automate, Delegate", "text": "<h2>Imperdiet massa tincidunt nunc pulvinar sapien et</h2>\r\n\r\n<p>Lorem ipsum dolor sit amet, consectetur adipiscing elit, sed do eiusmod tempor incididunt ut labore et dolore magna aliqua. Dolor morbi non arcu risus quis. Sodales neque sodales ut etiam sit amet nisl purus. Sollicitudin nibh sit amet commodo nulla facilisi nullam vehicula. Arcu ac tortor dignissim convallis. Accumsan in nisl nisi scelerisque eu ultrices vitae auctor. Egestas erat imperdiet sed euismod nisi porta lorem mollis aliquam. Morbi tristique senectus et netus et malesuada. Iaculis urna id volutpat lacus laoreet non. Pretium fusce id velit ut tortor. Rhoncus est pellentesque elit ullamcorper. Interdum consectetur libero id faucibus nisl tincidunt eget nullam. Sit amet volutpat consequat mauris nunc congue. Est velit egestas dui id ornare arcu odio.</p>\r\n\r\n<h2>Imperdiet massa tincidunt nunc pulvinar sapien et</h2>\r\n\r\n<p>Feugiat in ante metus dictum. Enim praesent elementum facilisis leo vel fringilla. Congue quisque egestas diam in arcu cursus euismod quis viverra. Tristique sollicitudin nibh sit amet commodo nulla facilisi nullam vehicula. Mauris nunc congue nisi vitae. Sit amet cursus sit amet dictum sit amet. Quis blandit turpis cursus in. Sagittis nisl rhoncus mattis rhoncus urna. Imperdiet nulla malesuada pellentesque elit eget. Elementum eu facilisis sed odio morbi. Elit at imperdiet dui accumsan sit amet nulla facilisi. A diam sollicitudin tempor id eu. Sodales ut etiam sit amet nisl purus. Sed lectus vestibulum mattis ullamcorper velit sed ullamcorper. Diam phasellus vestibulum lorem sed risus ultricies. Placerat vestibulum lectus mauris ultrices eros in cursus turpis massa. Varius quam quisque id diam. Ut sem viverra aliquet eget sit amet tellus cras. At varius vel pharetra vel turpis. Aliquam malesuada bibendum arcu vitae.</p>\r\n\r\n<h2>Imperdiet massa tincidunt nunc pulvinar sapien et</h2>\r\n\r\n<p>Semper eget duis at tellus. Lectus arcu bibendum at varius vel pharetra. Erat pellentesque adipiscing commodo elit at imperdiet dui. Dictum varius duis at consectetur lorem. Tempor orci eu lobortis elementum. Tortor consequat id porta nibh venenatis cras sed. In mollis nunc sed id. Et netus et malesuada fames ac turpis egestas integer. Amet tellus cras adipiscing enim. Purus semper eget duis at.</p>\r\n\r\n<h2>Imperdiet massa tincidunt nunc pulvinar sapien et</h2>\r\n\r\n<p>Lobortis mattis aliquam faucibus purus in massa. Habitasse platea dictumst quisque sagittis purus sit amet volutpat. Egestas pretium aenean pharetra magna ac placerat vestibulum. Consectetur adipiscing elit ut aliquam purus sit amet. Imperdiet nulla malesuada pellentesque elit eget gravida cum. Cursus turpis massa tincidunt dui. Lectus arcu bibendum at varius vel pharetra vel turpis nunc. Amet justo donec enim diam. Varius quam quisque id diam. Aliquet nec ullamcorper sit amet risus nullam. Et malesuada fames ac turpis egestas maecenas pharetra convallis. Rhoncus urna neque viverra justo nec ultrices. Fermentum iaculis eu non diam.</p>\r\n\r\n<h2>Imperdiet massa tincidunt nunc pulvinar sapien et</h2>\r\n\r\n<p>Orci sagittis eu volutpat odio facilisis mauris sit amet. Sagittis nisl rhoncus mattis rhoncus urna neque. Sed viverra tellus in hac habitasse platea dictumst vestibulum rhoncus. Morbi tristique senectus et netus. Sed elementum tempus egestas sed sed risus pretium. Non arcu risus quis varius quam quisque. Turpis in eu mi bibendum. Adipiscing tristique risus nec feugiat in fermentum posuere urna. Nullam vehicula ipsum a arcu cursus vitae. Felis eget velit aliquet sagittis id consectetur. Et tortor consequat id porta nibh venenatis cras. Turpis egestas maecenas pharetra convallis posuere morbi.</p>", "created_date": "2018-08-02T21:42:48Z", "published_date": "2018-10-09T05:08:35.360Z", "slug": "eliminate-automate-delegate", "image": "macarons-featured.jpg"}}, {"model": "articles.article", "pk": 2, "fields": {"published": false, "author": 1, "title": "On Documentation", "text": "<h2>Imperdiet massa tincidunt nunc pulvinar sapien et</h2>\r\n\r\n<p>Lorem ipsum dolor sit amet, consectetur adipiscing elit, sed do eiusmod tempor incididunt ut labore et dolore magna aliqua. Dolor morbi non arcu risus quis. Sodales neque sodales ut etiam sit amet nisl purus. Sollicitudin nibh sit amet commodo nulla facilisi nullam vehicula. Arcu ac tortor dignissim convallis. Accumsan in nisl nisi scelerisque eu ultrices vitae auctor.</p>\r\n\r\n<ul>\r\n\t<li>Vestibulum mattis ullamcorper velit sed ullamcorper morbi tincidunt ornare massa</li>\r\n\t<li>Vestibulum mattis ullamcorper velit sed ullamcorper morbi tincidunt ornare massa</li>\r\n\t<li>Vestibulum mattis ullamcorper velit sed ullamcorper morbi tincidunt ornare massa</li>\r\n\t<li>Vestibulum mattis ullamcorper velit sed ullamcorper morbi tincidunt ornare massa</li>\r\n</ul>\r\n\r\n<p>Egestas erat imperdiet sed euismod nisi porta lorem mollis aliquam. Morbi tristique senectus et netus et malesuada. Iaculis urna id volutpat lacus laoreet non. Pretium fusce id velit ut tortor. Rhoncus est pellentesque elit ullamcorper. Interdum consectetur libero id faucibus nisl tincidunt eget nullam. Sit amet volutpat consequat mauris nunc congue. Est velit egestas dui id ornare arcu odio.</p>\r\n\r\n<h2>Imperdiet massa tincidunt nunc pulvinar sapien et</h2>\r\n\r\n<p>Feugiat in ante metus dictum. Enim praesent elementum facilisis leo vel fringilla. Congue quisque egestas diam in arcu cursus euismod quis viverra. Tristique sollicitudin nibh sit amet commodo nulla facilisi nullam vehicula. Mauris nunc congue nisi vitae. Sit amet cursus sit amet dictum sit amet. Quis blandit turpis cursus in. Sagittis nisl rhoncus mattis rhoncus urna. Imperdiet nulla malesuada pellentesque elit eget. Elementum eu facilisis sed odio morbi. Elit at imperdiet dui accumsan sit amet nulla facilisi. A diam sollicitudin tempor id eu. Sodales ut etiam sit amet nisl purus. Sed lectus vestibulum mattis ullamcorper velit sed ullamcorper. Diam phasellus vestibulum lorem sed risus ultricies. Placerat vestibulum lectus mauris ultrices eros in cursus turpis massa. Varius quam quisque id diam. Ut sem viverra aliquet eget sit amet tellus cras. At varius vel pharetra vel turpis. Aliquam malesuada bibendum arcu vitae.</p>\r\n\r\n<h2>Imperdiet massa tincidunt nunc pulvinar sapien et</h2>\r\n\r\n<p>Semper eget duis at tellus. Lectus arcu bibendum at varius vel pharetra. Erat pellentesque adipiscing commodo elit at imperdiet dui. Dictum varius duis at consectetur lorem. Tempor orci eu lobortis elementum. Tortor consequat id porta nibh venenatis cras sed. In mollis nunc sed id. Et netus et malesuada fames ac turpis egestas integer. Amet tellus cras adipiscing enim. Purus semper eget duis at.</p>\r\n\r\n<h2>Imperdiet massa tincidunt nunc pulvinar sapien et</h2>\r\n\r\n<p>Lobortis mattis aliquam faucibus purus in massa. Habitasse platea dictumst quisque sagittis purus sit amet volutpat. Egestas pretium aenean pharetra magna ac placerat vestibulum. Consectetur adipiscing elit ut aliquam purus sit amet. Imperdiet nulla malesuada pellentesque elit eget gravida cum. Cursus turpis massa tincidunt dui. Lectus arcu bibendum at varius vel pharetra vel turpis nunc. Amet justo donec enim diam. Varius quam quisque id diam. Aliquet nec ullamcorper sit amet risus nullam. Et malesuada fames ac turpis egestas maecenas pharetra convallis. Rhoncus urna neque viverra justo nec ultrices. Fermentum iaculis eu non diam.</p>\r\n\r\n<h2>Imperdiet massa tincidunt nunc pulvinar sapien et</h2>\r\n\r\n<p>Orci sagittis eu volutpat odio facilisis mauris sit amet. Sagittis nisl rhoncus mattis rhoncus urna neque. Sed viverra tellus in hac habitasse platea dictumst vestibulum rhoncus. Morbi tristique senectus et netus. Sed elementum tempus egestas sed sed risus pretium. Non arcu risus quis varius quam quisque. Turpis in eu mi bibendum. Adipiscing tristique risus nec feugiat in fermentum posuere urna. Nullam vehicula ipsum a arcu cursus vitae. Felis eget velit aliquet sagittis id consectetur. Et tortor consequat id porta nibh venenatis cras. Turpis egestas maecenas pharetra convallis posuere morbi.</p>", "created_date": "2018-08-12T05:33:53Z", "published_date": "2018-08-13T04:55:41.513Z", "slug": "documentation", "image": "pencils-featured.jpg"}}, {"model": "articles.article", "pk": 3, "fields": {"published": false, "author": 1, "title": "Async All the Way", "text": "<h2>Imperdiet massa tincidunt nunc pulvinar sapien et</h2>\r\n\r\n<p>Lorem ipsum dolor sit amet, consectetur adipiscing elit, sed do eiusmod tempor incididunt ut labore et dolore magna aliqua. Dolor morbi non arcu risus quis. Sodales neque sodales ut etiam sit amet nisl purus. Sollicitudin nibh sit amet commodo nulla facilisi nullam vehicula. Arcu ac tortor dignissim convallis. Accumsan in nisl nisi scelerisque eu ultrices vitae auctor. Egestas erat imperdiet sed euismod nisi porta lorem mollis aliquam. Morbi tristique senectus et netus et malesuada. Iaculis urna id volutpat lacus laoreet non. Pretium fusce id velit ut tortor. Rhoncus est pellentesque elit ullamcorper. Interdum consectetur libero id faucibus nisl tincidunt eget nullam. Sit amet volutpat consequat mauris nunc congue. Est velit egestas dui id ornare arcu odio.</p>\r\n\r\n<h2>Imperdiet massa tincidunt nunc pulvinar sapien et</h2>\r\n\r\n<p>Feugiat in ante metus dictum. Enim praesent elementum facilisis leo vel fringilla. Congue quisque egestas diam in arcu cursus euismod quis viverra. Tristique sollicitudin nibh sit amet commodo nulla facilisi nullam vehicula. Mauris nunc congue nisi vitae. Sit amet cursus sit amet dictum sit amet. Quis blandit turpis cursus in. Sagittis nisl rhoncus mattis rhoncus urna. Imperdiet nulla malesuada pellentesque elit eget. Elementum eu facilisis sed odio morbi. Elit at imperdiet dui accumsan sit amet nulla facilisi. A diam sollicitudin tempor id eu. Sodales ut etiam sit amet nisl purus. Sed lectus vestibulum mattis ullamcorper velit sed ullamcorper. Diam phasellus vestibulum lorem sed risus ultricies. Placerat vestibulum lectus mauris ultrices eros in cursus turpis massa. Varius quam quisque id diam. Ut sem viverra aliquet eget sit amet tellus cras. At varius vel pharetra vel turpis. Aliquam malesuada bibendum arcu vitae.</p>\r\n\r\n<h2>Imperdiet massa tincidunt nunc pulvinar sapien et</h2>\r\n\r\n<p>Semper eget duis at tellus. Lectus arcu bibendum at varius vel pharetra. Erat pellentesque adipiscing commodo elit at imperdiet dui. Dictum varius duis at consectetur lorem. Tempor orci eu lobortis elementum. Tortor consequat id porta nibh venenatis cras sed. In mollis nunc sed id. Et netus et malesuada fames ac turpis egestas integer. Amet tellus cras adipiscing enim. Purus semper eget duis at.</p>\r\n\r\n<h2>Imperdiet massa tincidunt nunc pulvinar sapien et</h2>\r\n\r\n<p>Lobortis mattis aliquam faucibus purus in massa. Habitasse platea dictumst quisque sagittis purus sit amet volutpat. Egestas pretium aenean pharetra magna ac placerat vestibulum. Consectetur adipiscing elit ut aliquam purus sit amet. Imperdiet nulla malesuada pellentesque elit eget gravida cum. Cursus turpis massa tincidunt dui. Lectus arcu bibendum at varius vel pharetra vel turpis nunc. Amet justo donec enim diam. Varius quam quisque id diam. Aliquet nec ullamcorper sit amet risus nullam. Et malesuada fames ac turpis egestas maecenas pharetra convallis. Rhoncus urna neque viverra justo nec ultrices. Fermentum iaculis eu non diam.</p>\r\n\r\n<h2>Imperdiet massa tincidunt nunc pulvinar sapien et</h2>\r\n\r\n<p>Orci sagittis eu volutpat odio facilisis mauris sit amet. Sagittis nisl rhoncus mattis rhoncus urna neque. Sed viverra tellus in hac habitasse platea dictumst vestibulum rhoncus. Morbi tristique senectus et netus. Sed elementum tempus egestas sed sed risus pretium. Non arcu risus quis varius quam quisque. Turpis in eu mi bibendum. Adipiscing tristique risus nec feugiat in fermentum posuere urna. Nullam vehicula ipsum a arcu cursus vitae. Felis eget velit aliquet sagittis id consectetur. Et tortor consequat id porta nibh venenatis cras. Turpis egestas maecenas pharetra convallis posuere morbi.</p>", "created_date": "2018-08-13T00:15:32Z", "published_date": "2018-08-13T04:01:42.890Z", "slug": "async-all-way", "image": "clock-featured.jpg"}}, {"model": "articles.article", "pk": 4, "fields": {"published": true, "author": 1, "title": "Hot Potatoes & Bus Factors", "text": "<h2>Hot potatoes</h2>\r\n\r\n<p>These are the unsought tasks a team must routinely complete. The dirty dishes of a healthy organization. Team members often balk at the limited scope and impact of these duties and attempt to pass them off or delegate them down the chain of command. Though delegation of work is a necessary and strategic component of effective teams, leaders and members should make a conscious effort to distribute these hot potato tasks among more than just those in the lowest rung of the organization. For team longevity and burnout mitigation, thoughtfully approaching hot potato tasks is crucial.</p>\r\n\r\n<h3>Examples</h3>\r\n\r\n<ul>\r\n\t<li>Maintaining legacy code</li>\r\n\t<li>Process documentation</li>\r\n\t<li>Taking and distributing meeting notes</li>\r\n\t<li>Tasks that fall outside the scope of the team&#39;s core responsibilities</li>\r\n</ul>\r\n\r\n<h2>Bus factors</h2>\r\n\r\n<p>In their book <a href=\"http://shop.oreilly.com/product/0636920042372.do\" target=\"_blank\">Debugging Teams</a>, <a href=\"https://www.linkedin.com/in/brianwfitzpatrick/\" target=\"_blank\">Brian Fitzpatrick</a> and <a href=\"https://www.linkedin.com/in/ben-collins-sussman-6955a/\" target=\"_blank\">Ben Collins-Sussman</a>&nbsp;provide a concise and relatable definition for &quot;bus factor&quot; on page six: &quot;the number of people that need to get hit by a bus before your project is completely doomed.</p>\r\n\r\n<p>&nbsp;Or, in other words, resilient teams must ensure that clear documentation, sensible workflow, best practices, and competency overlap is achieved. Doing so helps to mitigate the potential disasterous effects if a key team member or members were to win the lottery, fall critically ill, resign unexpectedly, and suffer otherwise unforeseen catastrophies.</p>\r\n\r\n<p>To add a whimsical element to this concept, image a team member just flying off like Mary Poppins propelled by an&nbsp;unserendipitous wind current&mdash;umbrella in hand.</p>", "created_date": "2018-08-13T00:20:05Z", "published_date": "2018-10-09T05:16:43.910Z", "slug": "hot-potatoes-bus-factors", "image": "umbrella-featured.jpg"}}, {"model": "articles.article", "pk": 5, "fields": {"published": true, "author": 1, "title": "Everyday Dependencies", "text": "<h2>Unity and simplicity breed&nbsp;resiliency</h2>\r\n\r\n<p>Software dependencies are a topic worth serious consideration and discussion. Whether it be jQuery or a Python package, a dependency can greatly increase the complexity of an application. A common term for this among developers is &quot;dependency hell&quot;. Dependencies also come with an inherent amount of risk and liability, as the dependency codebase must be actively maintained and audited for security threats. It is worth noting, however, that software dependencies offer the major benefit of being able to build from someone else&#39;s worth and not reinvent the wheel every time.</p>\r\n\r\n<h2>Everyday objects</h2>\r\n\r\n<p>It can be quite amusing to evaluate everyday objects for their depencies, and how they impact the object&#39;s overall utility. Relatable examples are a water bottle cap, a marker cap, and discposable batteries. Without these dependencies, a water bottle, a marker, and a wireless mouse are all either redered useless or severly impacted. Just as if&nbsp;a monkey in a chain of Barrel of Monkeys were to suddenly go missing or be compromised, the entire chain would suddenly halt its function and composition.</p>", "created_date": "2018-08-13T00:23:49Z", "published_date": "2018-09-29T20:19:49.642Z", "slug": "everyday-dependencies", "image": "monkeys-featured.jpg"}}, {"model": "articles.article", "pk": 6, "fields": {"published": false, "author": 1, "title": "Scrappy Wins Out", "text": "<p>Lorem ipsum dolor sit amet, consectetur adipiscing elit. Duis nec tortor non velit pulvinar pellentesque. Fusce vitae ipsum non nisl dictum consequat sit amet eget arcu. Phasellus rutrum felis magna, ut sagittis neque venenatis nec. Morbi metus est, gravida eget auctor vitae, volutpat eu quam. Phasellus a vehicula sem. Vivamus hendrerit justo leo, non eleifend orci finibus id. Duis sapien odio, vulputate sit amet velit sit amet, consectetur consectetur tortor. Aliquam commodo, lectus ac feugiat iaculis, felis augue egestas tortor, vitae porttitor justo orci vel nunc. Integer tincidunt rutrum volutpat. Ut placerat imperdiet massa, quis lobortis ipsum.</p>\r\n\r\n<p>Quisque luctus, risus id lacinia consequat, est elit rhoncus ligula, vel egestas odio risus id mauris. Nulla dui leo, faucibus in nisl at, maximus imperdiet mauris. Pellentesque feugiat vitae sem id convallis. Cras id leo mattis, lacinia lectus eu, dignissim justo. Pellentesque ut pretium risus. Donec eget ullamcorper ipsum. Sed eget lectus vel mi dictum sollicitudin sed eu nisl. Morbi ut nulla hendrerit, convallis ligula nec, convallis elit. Sed lectus turpis, maximus vel placerat ut, convallis at quam. Suspendisse potenti. Suspendisse vel libero est. In id massa blandit, finibus diam sed, lacinia massa. Curabitur laoreet nulla dictum tortor mollis pellentesque.</p>", "created_date": "2018-08-13T00:28:44Z", "published_date": "2018-10-09T05:08:25.428Z", "slug": "scrappy-wins-out", "image": "plant-egg-featured.jpg"}}, {"model": "articles.article", "pk": 7, "fields": {"published": false, "author": 1, "title": "Eliminate Cruft", "text": "<p>Lorem ipsum dolor sit amet, consectetur adipiscing elit. Duis nec tortor non velit pulvinar pellentesque. Fusce vitae ipsum non nisl dictum consequat sit amet eget arcu. Phasellus rutrum felis magna, ut sagittis neque venenatis nec. Morbi metus est, gravida eget auctor vitae, volutpat eu quam. Phasellus a vehicula sem. Vivamus hendrerit justo leo, non eleifend orci finibus id. Duis sapien odio, vulputate sit amet velit sit amet, consectetur consectetur tortor. Aliquam commodo, lectus ac feugiat iaculis, felis augue egestas tortor, vitae porttitor justo orci vel nunc. Integer tincidunt rutrum volutpat. Ut placerat imperdiet massa, quis lobortis ipsum.</p>\r\n\r\n<p>Quisque luctus, risus id lacinia consequat, est elit rhoncus ligula, vel egestas odio risus id mauris. Nulla dui leo, faucibus in nisl at, maximus imperdiet mauris. Pellentesque feugiat vitae sem id convallis. Cras id leo mattis, lacinia lectus eu, dignissim justo. Pellentesque ut pretium risus. Donec eget ullamcorper ipsum. Sed eget lectus vel mi dictum sollicitudin sed eu nisl. Morbi ut nulla hendrerit, convallis ligula nec, convallis elit. Sed lectus turpis, maximus vel placerat ut, convallis at quam. Suspendisse potenti. Suspendisse vel libero est. In id massa blandit, finibus diam sed, lacinia massa. Curabitur laoreet nulla dictum tortor mollis pellentesque.</p>", "created_date": "2018-08-13T00:51:28Z", "published_date": "2018-08-13T00:52:16.736Z", "slug": "eliminate-cruft", "image": "algae-featured.jpg"}}, {"model": "articles.article", "pk": 8, "fields": {"published": false, "author": 1, "title": "Self-actualization", "text": "<h2>Chiseling oneself into greatness</h2>\r\n\r\n<p>The topic of self-actualization is one of my favorite things to talk about, think about, and act on. We build ourselves through every decision and person we associate with. Our self-expressive purchases, such as clothing, hairstyles, and events speak more to our ideals and aspirations for the future than they do to our current selves. A simple example I like to use is that of a relatable purchase, specifically a shirt or a bag. Our active choice in pursuing items and events that speak to who we eventually want to become is what determines what specifically we&#39;ll go with.</p>\r\n\r\n<p>I fondly remember the winter of my freshman year of college. It was off-season, right between cross-country and indoor track. Our coaches encouraged us to write (with pencil!) down our goals and habits for this off-season period, to keep ourselves personally accountable. Well, I listed my daily routines and weekly mileage progressions to lay out the weeks ahead. Every run, accessory activity, and meal was a conscious effort on my part. I stayed the course, and my determination and discipline paid off immensely. I was in the best aerobic shape of my life, and made huge leaps in fitness and endurance.</p>\r\n\r\n<h2>Business use case</h2>\r\n\r\n<p>Self-actualization is a model to base other decisions around as well, since it provides a relatable framework for getting from point A to point B in a conscious and passionate manner. Dev teams can use self-actualization as a means to deliver top-notch products, by internalizing the mssions and goals of the endeavor.</p>", "created_date": "2018-08-13T00:55:09Z", "published_date": "2018-08-28T04:09:28.003Z", "slug": "self-actualization", "image": "runners-featured.jpg"}}, {"model": "articles.article", "pk": 9, "fields": {"published": true, "author": 1, "title": "Be Shameless", "text": "<h2>Going for it</h2>\r\n\r\n<p>Take the risk, so long as it&#39;s informed and you&#39;re able to recover from any misstep. Many decisions are made out of hesitation and questionining of what the data are inferring, and therefore miss out on potential opportunities that reap significant reqards. Amazon&#39;s Bias for Action, one of their forteen&nbsp;<a href=\"https://www.amazon.jobs/principles\" target=\"_blank\">Leadership Princliples</a>,&nbsp;speaks to this point, adding on the observation that speed matters in business. I&#39;d also say this is equally true for life in general. Approaching life based on informed decision making and bias for action, rather than simply saying &quot;yes&quot; to everything or constantly hesitating, has been an incredibly beneficial modus operandi for me over the past few years both personally and professionally.</p>", "created_date": "2018-08-13T01:03:00Z", "published_date": "2018-09-29T20:20:16.106Z", "slug": "be-shameless", "image": "orange-featured.jpg"}}, {"model": "articles.article", "pk": 10, "fields": {"published": false, "author": 1, "title": "Bitching \u2260 Solution", "text": "<p>Lorem ipsum dolor sit amet, consectetur adipiscing elit. Duis nec tortor non velit pulvinar pellentesque. Fusce vitae ipsum non nisl dictum consequat sit amet eget arcu. Phasellus rutrum felis magna, ut sagittis neque venenatis nec. Morbi metus est, gravida eget auctor vitae, volutpat eu quam. Phasellus a vehicula sem. Vivamus hendrerit justo leo, non eleifend orci finibus id. Duis sapien odio, vulputate sit amet velit sit amet, consectetur consectetur tortor. Aliquam commodo, lectus ac feugiat iaculis, felis augue egestas tortor, vitae porttitor justo orci vel nunc. Integer tincidunt rutrum volutpat. Ut placerat imperdiet massa, quis lobortis ipsum.</p>\r\n\r\n<p>Quisque luctus, risus id lacinia consequat, est elit rhoncus ligula, vel egestas odio risus id mauris. Nulla dui leo, faucibus in nisl at, maximus imperdiet mauris. Pellentesque feugiat vitae sem id convallis. Cras id leo mattis, lacinia lectus eu, dignissim justo. Pellentesque ut pretium risus. Donec eget ullamcorper ipsum. Sed eget lectus vel mi dictum sollicitudin sed eu nisl. Morbi ut nulla hendrerit, convallis ligula nec, convallis elit. Sed lectus turpis, maximus vel placerat ut, convallis at quam. Suspendisse potenti. Suspendisse vel libero est. In id massa blandit, finibus diam sed, lacinia massa. Curabitur laoreet nulla dictum tortor mollis pellentesque.</p>", "created_date": "2018-08-13T01:07:28Z", "published_date": "2018-09-29T20:06:55.094Z", "slug": "bitching-solution", "image": "neon-sign-featured.jpg"}}, {"model": "articles.article", "pk": 11, "fields": {"published": false, "author": 1, "title": "Aphantasia: Mind Without a Monitor", "text": "<h2>Mind&#39;s eye</h2>\r\n\r\n<p>Lorem ipsum dolor sit amet, consectetur adipiscing elit. Duis nec tortor non velit pulvinar pellentesque. Fusce vitae ipsum non nisl dictum consequat sit amet eget arcu. Phasellus rutrum felis magna, ut sagittis neque venenatis nec. Morbi metus est, gravida eget auctor vitae, volutpat eu quam. Phasellus a vehicula sem. Vivamus hendrerit justo leo, non eleifend orci finibus id. Duis sapien odio, vulputate sit amet velit sit amet, consectetur consectetur tortor. Aliquam commodo, lectus ac feugiat iaculis, felis augue egestas tortor, vitae porttitor justo orci vel nunc. Integer tincidunt rutrum volutpat. Ut placerat imperdiet massa, quis lobortis ipsum.</p>\r\n\r\n<p>Quisque luctus, risus id lacinia consequat, est elit rhoncus ligula, vel egestas odio risus id mauris. Nulla dui leo, faucibus in nisl at, maximus imperdiet mauris. Pellentesque feugiat vitae sem id convallis. Cras id leo mattis, lacinia lectus eu, dignissim justo. Pellentesque ut pretium risus. Donec eget ullamcorper ipsum. Sed eget lectus vel mi dictum sollicitudin sed eu nisl. Morbi ut nulla hendrerit, convallis ligula nec, convallis elit. Sed lectus turpis, maximus vel placerat ut, convallis at quam. Suspendisse potenti. Suspendisse vel libero est. In id massa blandit, finibus diam sed, lacinia massa. Curabitur laoreet nulla dictum tortor mollis pellentesque.</p>", "created_date": "2018-08-13T02:42:18Z", "published_date": "2018-10-09T05:08:12.209Z", "slug": "aphantasia-mind-without-monitor", "image": "snow-walk-featured.jpg"}}, {"model": "articles.article", "pk": 12, "fields": {"published": true, "author": 1, "title": "Contrasting SLU", "text": "<h2>Embracing duality</h2>\r\n\r\n<p>South Lake Union (SLU) leaves quite the impression. The stark contrast between workweek and weekend has made me reflect on how different contexts lead to different results. Having moved to the neighborhood in February 2018, I&rsquo;m still energized by the contrasting productivity and tranquility the area offers.</p>\r\n\r\n<h3>Workweek bustle</h3>\r\n\r\n<p>Weekday activity is abound with flourishing activity, centered around the main Amazon campus residing at the heart of SLU. Upon moving to SLU, I was continually inspired by the productivity, work ethic, and determination of the surroundings. Admittedly, I was filled with lofty apsiration to one day best Amazon through running my own megacorporation. I&#39;ve since now set back into realiy and appropriate goals, but the energy one is filled with by living here speaks volumes for the area and its communities.</p>\r\n\r\n<h3>Weekend meditiation</h3>\r\n\r\n<p>Just as the workweek is bustling with energy and movement, the weekend is void of expectations and embraces its own natural tranquility. The empty streets and lakeside setting amplify the introspective predisposition of the weekend. Quality of life is risen quite comfortably, though a walk along the lake, a relaxed grocery trip, or simple coffee and conversation with a friend. With much confidence, I can say that SLU is an extremely workable and liveable neighborhood.</p>", "created_date": "2018-08-13T02:59:33Z", "published_date": "2018-09-29T20:02:19.858Z", "slug": "contrasting-slu", "image": "building-bird-featured.jpg"}}, {"model": "articles.article", "pk": 13, "fields": {"published": false, "author": 1, "title": "Leaving Your Legacy", "text": "<h2>Hello startup; Peopleware; Debugging teams; Clean code; Code complete</h2>\r\n\r\n<h2>Imperdiet massa tincidunt nunc pulvinar sapien et</h2>\r\n\r\n<p>Lorem ipsum dolor sit amet, consectetur adipiscing elit, sed do eiusmod tempor incididunt ut labore et dolore magna aliqua. Dolor morbi non arcu risus quis. Sodales neque sodales ut etiam sit amet nisl purus. Sollicitudin nibh sit amet commodo nulla facilisi nullam vehicula. Arcu ac tortor dignissim convallis. Accumsan in nisl nisi scelerisque eu ultrices vitae auctor. Egestas erat imperdiet sed euismod nisi porta lorem mollis aliquam. Morbi tristique senectus et netus et malesuada. Iaculis urna id volutpat lacus laoreet non. Pretium fusce id velit ut tortor. Rhoncus est pellentesque elit ullamcorper. Interdum consectetur libero id faucibus nisl tincidunt eget nullam. Sit amet volutpat consequat mauris nunc congue. Est velit egestas dui id ornare arcu odio.</p>\r\n\r\n<h2>Imperdiet massa tincidunt nunc pulvinar sapien et</h2>\r\n\r\n<p>Feugiat in ante metus dictum. Enim praesent elementum facilisis leo vel fringilla. Congue quisque egestas diam in arcu cursus euismod quis viverra. Tristique sollicitudin nibh sit amet commodo nulla facilisi nullam vehicula. Mauris nunc congue nisi vitae. Sit amet cursus sit amet dictum sit amet. Quis blandit turpis cursus in. Sagittis nisl rhoncus mattis rhoncus urna. Imperdiet nulla malesuada pellentesque elit eget. Elementum eu facilisis sed odio morbi. Elit at imperdiet dui accumsan sit amet nulla facilisi. A diam sollicitudin tempor id eu. Sodales ut etiam sit amet nisl purus. Sed lectus vestibulum mattis ullamcorper velit sed ullamcorper. Diam phasellus vestibulum lorem sed risus ultricies. Placerat vestibulum lectus mauris ultrices eros in cursus turpis massa. Varius quam quisque id diam. Ut sem viverra aliquet eget sit amet tellus cras. At varius vel pharetra vel turpis. Aliquam malesuada bibendum arcu vitae.</p>\r\n\r\n<h2>Imperdiet massa tincidunt nunc pulvinar sapien et</h2>\r\n\r\n<p>Semper eget duis at tellus. Lectus arcu bibendum at varius vel pharetra. Erat pellentesque adipiscing commodo elit at imperdiet dui. Dictum varius duis at consectetur lorem. Tempor orci eu lobortis elementum. Tortor consequat id porta nibh venenatis cras sed. In mollis nunc sed id. Et netus et malesuada fames ac turpis egestas integer. Amet tellus cras adipiscing enim. Purus semper eget duis at.</p>\r\n\r\n<h2>Imperdiet massa tincidunt nunc pulvinar sapien et</h2>\r\n\r\n<p>Lobortis mattis aliquam faucibus purus in massa. Habitasse platea dictumst quisque sagittis purus sit amet volutpat. Egestas pretium aenean pharetra magna ac placerat vestibulum. Consectetur adipiscing elit ut aliquam purus sit amet. Imperdiet nulla malesuada pellentesque elit eget gravida cum. Cursus turpis massa tincidunt dui. Lectus arcu bibendum at varius vel pharetra vel turpis nunc. Amet justo donec enim diam. Varius quam quisque id diam. Aliquet nec ullamcorper sit amet risus nullam. Et malesuada fames ac turpis egestas maecenas pharetra convallis. Rhoncus urna neque viverra justo nec ultrices. Fermentum iaculis eu non diam.</p>\r\n\r\n<h2>Imperdiet massa tincidunt nunc pulvinar sapien et</h2>\r\n\r\n<p>Orci sagittis eu volutpat odio facilisis mauris sit amet. Sagittis nisl rhoncus mattis rhoncus urna neque. Sed viverra tellus in hac habitasse platea dictumst vestibulum rhoncus. Morbi tristique senectus et netus. Sed elementum tempus egestas sed sed risus pretium. Non arcu risus quis varius quam quisque. Turpis in eu mi bibendum. Adipiscing tristique risus nec feugiat in fermentum posuere urna. Nullam vehicula ipsum a arcu cursus vitae. Felis eget velit aliquet sagittis id consectetur. Et tortor consequat id porta nibh venenatis cras. Turpis egestas maecenas pharetra convallis posuere morbi.</p>", "created_date": "2018-08-13T03:25:22Z", "published_date": "2018-10-09T05:08:01.498Z", "slug": "leaving-your-legacy", "image": "dinosaurs-featured.jpg"}}, {"model": "articles.article", "pk": 14, "fields": {"published": false, "author": 1, "title": "Design as a Logic Puzzle", "text": "<h2>Best interface no interface; Articulating design decisions; Discussing design</h2>\r\n\r\n<h2>Imperdiet massa tincidunt nunc pulvinar sapien et</h2>\r\n\r\n<p>Lorem ipsum dolor sit amet, consectetur adipiscing elit, sed do eiusmod tempor incididunt ut labore et dolore magna aliqua. Dolor morbi non arcu risus quis. Sodales neque sodales ut etiam sit amet nisl purus. Sollicitudin nibh sit amet commodo nulla facilisi nullam vehicula. Arcu ac tortor dignissim convallis. Accumsan in nisl nisi scelerisque eu ultrices vitae auctor. Egestas erat imperdiet sed euismod nisi porta lorem mollis aliquam. Morbi tristique senectus et netus et malesuada. Iaculis urna id volutpat lacus laoreet non. Pretium fusce id velit ut tortor. Rhoncus est pellentesque elit ullamcorper. Interdum consectetur libero id faucibus nisl tincidunt eget nullam. Sit amet volutpat consequat mauris nunc congue. Est velit egestas dui id ornare arcu odio.</p>\r\n\r\n<h2>Imperdiet massa tincidunt nunc pulvinar sapien et</h2>\r\n\r\n<p>Feugiat in ante metus dictum. Enim praesent elementum facilisis leo vel fringilla. Congue quisque egestas diam in arcu cursus euismod quis viverra. Tristique sollicitudin nibh sit amet commodo nulla facilisi nullam vehicula. Mauris nunc congue nisi vitae. Sit amet cursus sit amet dictum sit amet. Quis blandit turpis cursus in. Sagittis nisl rhoncus mattis rhoncus urna. Imperdiet nulla malesuada pellentesque elit eget. Elementum eu facilisis sed odio morbi. Elit at imperdiet dui accumsan sit amet nulla facilisi. A diam sollicitudin tempor id eu. Sodales ut etiam sit amet nisl purus. Sed lectus vestibulum mattis ullamcorper velit sed ullamcorper. Diam phasellus vestibulum lorem sed risus ultricies. Placerat vestibulum lectus mauris ultrices eros in cursus turpis massa. Varius quam quisque id diam. Ut sem viverra aliquet eget sit amet tellus cras. At varius vel pharetra vel turpis. Aliquam malesuada bibendum arcu vitae.</p>\r\n\r\n<h2>Imperdiet massa tincidunt nunc pulvinar sapien et</h2>\r\n\r\n<p>Semper eget duis at tellus. Lectus arcu bibendum at varius vel pharetra. Erat pellentesque adipiscing commodo elit at imperdiet dui. Dictum varius duis at consectetur lorem. Tempor orci eu lobortis elementum. Tortor consequat id porta nibh venenatis cras sed. In mollis nunc sed id. Et netus et malesuada fames ac turpis egestas integer. Amet tellus cras adipiscing enim. Purus semper eget duis at.</p>\r\n\r\n<h2>Imperdiet massa tincidunt nunc pulvinar sapien et</h2>\r\n\r\n<p>Lobortis mattis aliquam faucibus purus in massa. Habitasse platea dictumst quisque sagittis purus sit amet volutpat. Egestas pretium aenean pharetra magna ac placerat vestibulum. Consectetur adipiscing elit ut aliquam purus sit amet. Imperdiet nulla malesuada pellentesque elit eget gravida cum. Cursus turpis massa tincidunt dui. Lectus arcu bibendum at varius vel pharetra vel turpis nunc. Amet justo donec enim diam. Varius quam quisque id diam. Aliquet nec ullamcorper sit amet risus nullam. Et malesuada fames ac turpis egestas maecenas pharetra convallis. Rhoncus urna neque viverra justo nec ultrices. Fermentum iaculis eu non diam.</p>\r\n\r\n<h2>Imperdiet massa tincidunt nunc pulvinar sapien et</h2>\r\n\r\n<p>Orci sagittis eu volutpat odio facilisis mauris sit amet. Sagittis nisl rhoncus mattis rhoncus urna neque. Sed viverra tellus in hac habitasse platea dictumst vestibulum rhoncus. Morbi tristique senectus et netus. Sed elementum tempus egestas sed sed risus pretium. Non arcu risus quis varius quam quisque. Turpis in eu mi bibendum. Adipiscing tristique risus nec feugiat in fermentum posuere urna. Nullam vehicula ipsum a arcu cursus vitae. Felis eget velit aliquet sagittis id consectetur. Et tortor consequat id porta nibh venenatis cras. Turpis egestas maecenas pharetra convallis posuere morbi.</p>", "created_date": "2018-08-13T03:34:01Z", "published_date": "2018-08-18T22:00:17.024Z", "slug": "design-logic-puzzle", "image": "stairs-featured.jpg"}}, {"model": "articles.article", "pk": 15, "fields": {"published": false, "author": 1, "title": "Taking HRT", "text": "<p>Lorem.</p>", "created_date": "2018-10-08T17:00:54Z", "published_date": "2018-10-09T05:07:53.439Z", "slug": "taking-hrt", "image": "taking-hrt-featured.jpg"}}, {"model": "admin.logentry", "pk": 1, "fields": {"action_time": "2018-08-02T21:42:16.499Z", "user": 1, "content_type": 8, "object_id": "1", "object_repr": "UW Foster School of Business Retheme", "action_flag": 1, "change_message": "[{\"added\": {}}]"}}, {"model": "admin.logentry", "pk": 2, "fields": {"action_time": "2018-08-02T21:43:05.678Z", "user": 1, "content_type": 7, "object_id": "1", "object_repr": "Eliminate, Automate, Delegate", "action_flag": 1, "change_message": "[{\"added\": {}}]"}}, {"model": "admin.logentry", "pk": 3, "fields": {"action_time": "2018-08-02T22:00:20.175Z", "user": 1, "content_type": 8, "object_id": "1", "object_repr": "UW Foster School of Business Retheme", "action_flag": 2, "change_message": "[{\"changed\": {\"fields\": [\"tags\"]}}]"}}, {"model": "admin.logentry", "pk": 4, "fields": {"action_time": "2018-08-02T22:01:00.072Z", "user": 1, "content_type": 8, "object_id": "1", "object_repr": "UW Foster School of Business Retheme", "action_flag": 2, "change_message": "[{\"changed\": {\"fields\": [\"tags\"]}}]"}}, {"model": "admin.logentry", "pk": 5, "fields": {"action_time": "2018-08-02T22:11:23.191Z", "user": 1, "content_type": 9, "object_id": "2", "object_repr": "Foster", "action_flag": 3, "change_message": ""}}, {"model": "admin.logentry", "pk": 6, "fields": {"action_time": "2018-08-02T22:11:23.199Z", "user": 1, "content_type": 9, "object_id": "1", "object_repr": "UW", "action_flag": 3, "change_message": ""}}, {"model": "admin.logentry", "pk": 7, "fields": {"action_time": "2018-08-02T22:14:20.544Z", "user": 1, "content_type": 7, "object_id": "1", "object_repr": "Eliminate, Automate, Delegate", "action_flag": 2, "change_message": "[{\"changed\": {\"fields\": [\"tags\"]}}]"}}, {"model": "admin.logentry", "pk": 8, "fields": {"action_time": "2018-08-06T04:27:15.696Z", "user": 1, "content_type": 7, "object_id": "1", "object_repr": "Eliminate, Automate, Delegate", "action_flag": 2, "change_message": "[{\"changed\": {\"fields\": [\"text\", \"tags\"]}}]"}}, {"model": "admin.logentry", "pk": 9, "fields": {"action_time": "2018-08-12T05:33:53.419Z", "user": 1, "content_type": 7, "object_id": "1", "object_repr": "Eliminate, Automate, Delegate", "action_flag": 2, "change_message": "[{\"changed\": {\"fields\": [\"text\"]}}]"}}, {"model": "admin.logentry", "pk": 10, "fields": {"action_time": "2018-08-12T05:34:17.759Z", "user": 1, "content_type": 7, "object_id": "2", "object_repr": "On Documentation", "action_flag": 1, "change_message": "[{\"added\": {}}]"}}, {"model": "admin.logentry", "pk": 11, "fields": {"action_time": "2018-08-12T05:35:22.722Z", "user": 1, "content_type": 7, "object_id": "2", "object_repr": "On Documentation", "action_flag": 2, "change_message": "[]"}}, {"model": "admin.logentry", "pk": 12, "fields": {"action_time": "2018-08-12T05:35:56.040Z", "user": 1, "content_type": 7, "object_id": "1", "object_repr": "Eliminate, Automate, Delegate", "action_flag": 2, "change_message": "[{\"changed\": {\"fields\": [\"text\"]}}]"}}, {"model": "admin.logentry", "pk": 13, "fields": {"action_time": "2018-08-12T05:39:21.826Z", "user": 1, "content_type": 7, "object_id": "1", "object_repr": "Eliminate, Automate, Delegate", "action_flag": 2, "change_message": "[{\"changed\": {\"fields\": [\"text\"]}}]"}}, {"model": "admin.logentry", "pk": 14, "fields": {"action_time": "2018-08-12T19:28:34.433Z", "user": 1, "content_type": 7, "object_id": "1", "object_repr": "Eliminate, Automate, Delegate", "action_flag": 2, "change_message": "[{\"changed\": {\"fields\": [\"text\", \"image\", \"tags\"]}}]"}}, {"model": "admin.logentry", "pk": 15, "fields": {"action_time": "2018-08-12T19:43:38.228Z", "user": 1, "content_type": 7, "object_id": "1", "object_repr": "Eliminate, Automate, Delegate", "action_flag": 2, "change_message": "[{\"changed\": {\"fields\": [\"tags\"]}}]"}}, {"model": "admin.logentry", "pk": 16, "fields": {"action_time": "2018-08-12T20:00:34.033Z", "user": 1, "content_type": 7, "object_id": "1", "object_repr": "Eliminate, Automate, Delegate", "action_flag": 2, "change_message": "[{\"changed\": {\"fields\": [\"image\", \"tags\"]}}]"}}, {"model": "admin.logentry", "pk": 17, "fields": {"action_time": "2018-08-12T20:00:44.187Z", "user": 1, "content_type": 7, "object_id": "1", "object_repr": "Eliminate, Automate, Delegate", "action_flag": 2, "change_message": "[{\"changed\": {\"fields\": [\"image\", \"tags\"]}}]"}}, {"model": "admin.logentry", "pk": 18, "fields": {"action_time": "2018-08-12T20:03:36.021Z", "user": 1, "content_type": 7, "object_id": "1", "object_repr": "Eliminate, Automate, Delegate", "action_flag": 2, "change_message": "[{\"changed\": {\"fields\": [\"image\", \"tags\"]}}]"}}, {"model": "admin.logentry", "pk": 19, "fields": {"action_time": "2018-08-12T20:07:17.707Z", "user": 1, "content_type": 7, "object_id": "1", "object_repr": "Eliminate, Automate, Delegate", "action_flag": 2, "change_message": "[{\"changed\": {\"fields\": [\"image\", \"tags\"]}}]"}}, {"model": "admin.logentry", "pk": 20, "fields": {"action_time": "2018-08-12T21:47:17.812Z", "user": 1, "content_type": 7, "object_id": "1", "object_repr": "Eliminate, Automate, Delegate", "action_flag": 2, "change_message": "[{\"changed\": {\"fields\": [\"text\", \"tags\"]}}]"}}, {"model": "admin.logentry", "pk": 21, "fields": {"action_time": "2018-08-12T21:48:22.653Z", "user": 1, "content_type": 7, "object_id": "1", "object_repr": "Eliminate, Automate, Delegate", "action_flag": 2, "change_message": "[{\"changed\": {\"fields\": [\"text\", \"tags\"]}}]"}}, {"model": "admin.logentry", "pk": 22, "fields": {"action_time": "2018-08-12T21:59:10.074Z", "user": 1, "content_type": 7, "object_id": "1", "object_repr": "Eliminate, Automate, Delegate", "action_flag": 2, "change_message": "[{\"changed\": {\"fields\": [\"tags\"]}}]"}}, {"model": "admin.logentry", "pk": 23, "fields": {"action_time": "2018-08-12T22:36:56.643Z", "user": 1, "content_type": 7, "object_id": "1", "object_repr": "Eliminate, Automate, Delegate", "action_flag": 2, "change_message": "[{\"changed\": {\"fields\": [\"text\", \"image\", \"tags\"]}}]"}}, {"model": "admin.logentry", "pk": 24, "fields": {"action_time": "2018-08-12T22:50:50.645Z", "user": 1, "content_type": 7, "object_id": "2", "object_repr": "On Documentation", "action_flag": 2, "change_message": "[{\"changed\": {\"fields\": [\"tags\"]}}]"}}, {"model": "admin.logentry", "pk": 25, "fields": {"action_time": "2018-08-12T22:51:14.955Z", "user": 1, "content_type": 7, "object_id": "2", "object_repr": "On Documentation", "action_flag": 2, "change_message": "[{\"changed\": {\"fields\": [\"image\", \"tags\"]}}]"}}, {"model": "admin.logentry", "pk": 26, "fields": {"action_time": "2018-08-13T00:05:58.713Z", "user": 1, "content_type": 7, "object_id": "1", "object_repr": "Eliminate, Automate, Delegate", "action_flag": 2, "change_message": "[{\"changed\": {\"fields\": [\"image\", \"tags\"]}}]"}}, {"model": "admin.logentry", "pk": 27, "fields": {"action_time": "2018-08-13T00:07:35.514Z", "user": 1, "content_type": 7, "object_id": "1", "object_repr": "Eliminate, Automate, Delegate", "action_flag": 2, "change_message": "[{\"changed\": {\"fields\": [\"text\", \"tags\"]}}]"}}, {"model": "admin.logentry", "pk": 28, "fields": {"action_time": "2018-08-13T00:15:30.312Z", "user": 1, "content_type": 7, "object_id": "1", "object_repr": "Eliminate, Automate, Delegate", "action_flag": 2, "change_message": "[{\"changed\": {\"fields\": [\"tags\"]}}]"}}, {"model": "admin.logentry", "pk": 29, "fields": {"action_time": "2018-08-13T00:15:32.439Z", "user": 1, "content_type": 7, "object_id": "1", "object_repr": "Eliminate, Automate, Delegate", "action_flag": 2, "change_message": "[{\"changed\": {\"fields\": [\"tags\"]}}]"}}, {"model": "admin.logentry", "pk": 30, "fields": {"action_time": "2018-08-13T00:16:11.753Z", "user": 1, "content_type": 7, "object_id": "3", "object_repr": "Async All the Way", "action_flag": 1, "change_message": "[{\"added\": {}}]"}}, {"model": "admin.logentry", "pk": 31, "fields": {"action_time": "2018-08-13T00:18:30.618Z", "user": 1, "content_type": 7, "object_id": "3", "object_repr": "Async All the Way", "action_flag": 2, "change_message": "[{\"changed\": {\"fields\": [\"image\", \"tags\"]}}]"}}, {"model": "admin.logentry", "pk": 32, "fields": {"action_time": "2018-08-13T00:20:45.044Z", "user": 1, "content_type": 7, "object_id": "4", "object_repr": "Hot Potatoes & Bus Factors", "action_flag": 1, "change_message": "[{\"added\": {}}]"}}, {"model": "admin.logentry", "pk": 33, "fields": {"action_time": "2018-08-13T00:23:24.775Z", "user": 1, "content_type": 7, "object_id": "4", "object_repr": "Hot Potatoes & Bus Factors", "action_flag": 2, "change_message": "[{\"changed\": {\"fields\": [\"image\", \"tags\"]}}]"}}, {"model": "admin.logentry", "pk": 34, "fields": {"action_time": "2018-08-13T00:25:02.630Z", "user": 1, "content_type": 7, "object_id": "5", "object_repr": "Everyday Dependencies", "action_flag": 1, "change_message": "[{\"added\": {}}]"}}, {"model": "admin.logentry", "pk": 35, "fields": {"action_time": "2018-08-13T00:27:16.914Z", "user": 1, "content_type": 7, "object_id": "5", "object_repr": "Everyday Dependencies", "action_flag": 2, "change_message": "[{\"changed\": {\"fields\": [\"image\", \"tags\"]}}]"}}, {"model": "admin.logentry", "pk": 36, "fields": {"action_time": "2018-08-13T00:30:26.859Z", "user": 1, "content_type": 7, "object_id": "6", "object_repr": "Scrappy Wins Out", "action_flag": 1, "change_message": "[{\"added\": {}}]"}}, {"model": "admin.logentry", "pk": 37, "fields": {"action_time": "2018-08-13T00:43:17.990Z", "user": 1, "content_type": 7, "object_id": "6", "object_repr": "Scrappy Wins Out", "action_flag": 2, "change_message": "[{\"changed\": {\"fields\": [\"image\", \"tags\"]}}]"}}, {"model": "admin.logentry", "pk": 38, "fields": {"action_time": "2018-08-13T00:52:16.747Z", "user": 1, "content_type": 7, "object_id": "7", "object_repr": "Eliminate Cruft", "action_flag": 1, "change_message": "[{\"added\": {}}]"}}, {"model": "admin.logentry", "pk": 39, "fields": {"action_time": "2018-08-13T00:55:41.942Z", "user": 1, "content_type": 7, "object_id": "8", "object_repr": "Self-actualization", "action_flag": 1, "change_message": "[{\"added\": {}}]"}}, {"model": "admin.logentry", "pk": 40, "fields": {"action_time": "2018-08-13T01:03:38.061Z", "user": 1, "content_type": 7, "object_id": "9", "object_repr": "Be Shameless", "action_flag": 1, "change_message": "[{\"added\": {}}]"}}, {"model": "admin.logentry", "pk": 41, "fields": {"action_time": "2018-08-13T01:08:03.913Z", "user": 1, "content_type": 7, "object_id": "10", "object_repr": "Bitching &ne; Solution", "action_flag": 1, "change_message": "[{\"added\": {}}]"}}, {"model": "admin.logentry", "pk": 42, "fields": {"action_time": "2018-08-13T01:09:12.468Z", "user": 1, "content_type": 7, "object_id": "10", "object_repr": "Bitching &#8800; Solution", "action_flag": 2, "change_message": "[{\"changed\": {\"fields\": [\"title\", \"tags\"]}}]"}}, {"model": "admin.logentry", "pk": 43, "fields": {"action_time": "2018-08-13T01:09:52.706Z", "user": 1, "content_type": 7, "object_id": "10", "object_repr": "Bitching &ne; Solution", "action_flag": 2, "change_message": "[{\"changed\": {\"fields\": [\"title\", \"tags\"]}}]"}}, {"model": "admin.logentry", "pk": 44, "fields": {"action_time": "2018-08-13T01:15:00.888Z", "user": 1, "content_type": 7, "object_id": "10", "object_repr": "Bitching \u2260 Solution", "action_flag": 2, "change_message": "[{\"changed\": {\"fields\": [\"title\", \"tags\"]}}]"}}, {"model": "admin.logentry", "pk": 45, "fields": {"action_time": "2018-08-13T02:46:30.997Z", "user": 1, "content_type": 7, "object_id": "11", "object_repr": "Aphantasia: Mind Without a Monitor", "action_flag": 1, "change_message": "[{\"added\": {}}]"}}, {"model": "admin.logentry", "pk": 46, "fields": {"action_time": "2018-08-13T03:01:26.193Z", "user": 1, "content_type": 7, "object_id": "12", "object_repr": "Contrasting SLU", "action_flag": 1, "change_message": "[{\"added\": {}}]"}}, {"model": "admin.logentry", "pk": 47, "fields": {"action_time": "2018-08-13T03:26:10.042Z", "user": 1, "content_type": 7, "object_id": "13", "object_repr": "Leaving Your Legacy", "action_flag": 1, "change_message": "[{\"added\": {}}]"}}, {"model": "admin.logentry", "pk": 48, "fields": {"action_time": "2018-08-13T03:34:43.294Z", "user": 1, "content_type": 7, "object_id": "14", "object_repr": "Design as a Logic Puzzle", "action_flag": 1, "change_message": "[{\"added\": {}}]"}}, {"model": "admin.logentry", "pk": 49, "fields": {"action_time": "2018-08-13T03:55:55.863Z", "user": 1, "content_type": 7, "object_id": "2", "object_repr": "On Documentation", "action_flag": 2, "change_message": "[{\"changed\": {\"fields\": [\"text\", \"tags\"]}}]"}}, {"model": "admin.logentry", "pk": 50, "fields": {"action_time": "2018-08-13T04:00:55.699Z", "user": 1, "content_type": 7, "object_id": "1", "object_repr": "Eliminate, Automate, Delegate", "action_flag": 2, "change_message": "[{\"changed\": {\"fields\": [\"text\", \"tags\"]}}]"}}, {"model": "admin.logentry", "pk": 51, "fields": {"action_time": "2018-08-13T04:01:30.914Z", "user": 1, "content_type": 7, "object_id": "14", "object_repr": "Design as a Logic Puzzle", "action_flag": 2, "change_message": "[{\"changed\": {\"fields\": [\"text\", \"tags\"]}}]"}}, {"model": "admin.logentry", "pk": 52, "fields": {"action_time": "2018-08-13T04:01:37.126Z", "user": 1, "content_type": 7, "object_id": "13", "object_repr": "Leaving Your Legacy", "action_flag": 2, "change_message": "[{\"changed\": {\"fields\": [\"text\", \"tags\"]}}]"}}, {"model": "admin.logentry", "pk": 53, "fields": {"action_time": "2018-08-13T04:01:42.897Z", "user": 1, "content_type": 7, "object_id": "3", "object_repr": "Async All the Way", "action_flag": 2, "change_message": "[{\"changed\": {\"fields\": [\"text\", \"tags\"]}}]"}}, {"model": "admin.logentry", "pk": 54, "fields": {"action_time": "2018-08-13T04:01:48.804Z", "user": 1, "content_type": 7, "object_id": "4", "object_repr": "Hot Potatoes & Bus Factors", "action_flag": 2, "change_message": "[{\"changed\": {\"fields\": [\"text\", \"tags\"]}}]"}}, {"model": "admin.logentry", "pk": 55, "fields": {"action_time": "2018-08-13T04:04:34.321Z", "user": 1, "content_type": 7, "object_id": "2", "object_repr": "On Documentation", "action_flag": 2, "change_message": "[{\"changed\": {\"fields\": [\"text\", \"tags\"]}}]"}}, {"model": "admin.logentry", "pk": 56, "fields": {"action_time": "2018-08-13T04:55:41.518Z", "user": 1, "content_type": 7, "object_id": "2", "object_repr": "On Documentation", "action_flag": 2, "change_message": "[{\"changed\": {\"fields\": [\"tags\"]}}]"}}, {"model": "admin.logentry", "pk": 57, "fields": {"action_time": "2018-08-13T05:23:22.448Z", "user": 1, "content_type": 11, "object_id": "1", "object_repr": "Mike Bozee", "action_flag": 1, "change_message": "[{\"added\": {}}]"}}, {"model": "admin.logentry", "pk": 58, "fields": {"action_time": "2018-08-13T05:33:14.052Z", "user": 1, "content_type": 11, "object_id": "1", "object_repr": "Mike Bozee", "action_flag": 2, "change_message": "[]"}}, {"model": "admin.logentry", "pk": 59, "fields": {"action_time": "2018-08-13T05:33:23.162Z", "user": 1, "content_type": 11, "object_id": "2", "object_repr": "Rick Riehle", "action_flag": 1, "change_message": "[{\"added\": {}}]"}}, {"model": "admin.logentry", "pk": 60, "fields": {"action_time": "2018-08-13T05:33:49.408Z", "user": 1, "content_type": 11, "object_id": "3", "object_repr": "Joe Schilz", "action_flag": 1, "change_message": "[{\"added\": {}}]"}}, {"model": "admin.logentry", "pk": 61, "fields": {"action_time": "2018-08-13T05:34:09.514Z", "user": 1, "content_type": 11, "object_id": "4", "object_repr": "Alex Tokar", "action_flag": 1, "change_message": "[{\"added\": {}}]"}}, {"model": "admin.logentry", "pk": 62, "fields": {"action_time": "2018-08-13T05:34:25.530Z", "user": 1, "content_type": 11, "object_id": "5", "object_repr": "Christy Heaton", "action_flag": 1, "change_message": "[{\"added\": {}}]"}}, {"model": "admin.logentry", "pk": 63, "fields": {"action_time": "2018-08-13T05:34:47.781Z", "user": 1, "content_type": 11, "object_id": "6", "object_repr": "LA Smith", "action_flag": 1, "change_message": "[{\"added\": {}}]"}}, {"model": "admin.logentry", "pk": 64, "fields": {"action_time": "2018-08-13T05:35:04.834Z", "user": 1, "content_type": 11, "object_id": "7", "object_repr": "Eric Nobis", "action_flag": 1, "change_message": "[{\"added\": {}}]"}}, {"model": "admin.logentry", "pk": 65, "fields": {"action_time": "2018-08-13T05:35:26.772Z", "user": 1, "content_type": 11, "object_id": "8", "object_repr": "Chance Kelch", "action_flag": 1, "change_message": "[{\"added\": {}}]"}}, {"model": "admin.logentry", "pk": 66, "fields": {"action_time": "2018-08-13T05:35:50.654Z", "user": 1, "content_type": 11, "object_id": "9", "object_repr": "Thomas Mercer", "action_flag": 1, "change_message": "[{\"added\": {}}]"}}, {"model": "admin.logentry", "pk": 67, "fields": {"action_time": "2018-08-13T05:36:18.392Z", "user": 1, "content_type": 11, "object_id": "10", "object_repr": "Thom Thorpe", "action_flag": 1, "change_message": "[{\"added\": {}}]"}}, {"model": "admin.logentry", "pk": 68, "fields": {"action_time": "2018-08-13T05:36:44.419Z", "user": 1, "content_type": 11, "object_id": "11", "object_repr": "Michael Gregor", "action_flag": 1, "change_message": "[{\"added\": {}}]"}}, {"model": "admin.logentry", "pk": 69, "fields": {"action_time": "2018-08-13T05:37:09.521Z", "user": 1, "content_type": 11, "object_id": "12", "object_repr": "Randal Root", "action_flag": 1, "change_message": "[{\"added\": {}}]"}}, {"model": "admin.logentry", "pk": 70, "fields": {"action_time": "2018-08-13T05:37:40.497Z", "user": 1, "content_type": 11, "object_id": "13", "object_repr": "Matt Pressnall", "action_flag": 1, "change_message": "[{\"added\": {}}]"}}, {"model": "admin.logentry", "pk": 71, "fields": {"action_time": "2018-08-13T05:38:51.145Z", "user": 1, "content_type": 11, "object_id": "14", "object_repr": "Steven Hatting", "action_flag": 1, "change_message": "[{\"added\": {}}]"}}, {"model": "admin.logentry", "pk": 72, "fields": {"action_time": "2018-08-13T05:39:08.872Z", "user": 1, "content_type": 11, "object_id": "15", "object_repr": "Mick Westrick", "action_flag": 1, "change_message": "[{\"added\": {}}]"}}, {"model": "admin.logentry", "pk": 73, "fields": {"action_time": "2018-08-13T05:49:41.740Z", "user": 1, "content_type": 11, "object_id": "15", "object_repr": "MickWestrick", "action_flag": 2, "change_message": "[{\"changed\": {\"fields\": [\"first_name\", \"last_name\"]}}]"}}, {"model": "admin.logentry", "pk": 74, "fields": {"action_time": "2018-08-13T05:50:02.631Z", "user": 1, "content_type": 11, "object_id": "14", "object_repr": "Steven Hatting", "action_flag": 2, "change_message": "[{\"changed\": {\"fields\": [\"first_name\", \"last_name\"]}}]"}}, {"model": "admin.logentry", "pk": 75, "fields": {"action_time": "2018-08-13T05:50:09.542Z", "user": 1, "content_type": 11, "object_id": "13", "object_repr": "Matt Pressnall", "action_flag": 2, "change_message": "[{\"changed\": {\"fields\": [\"first_name\", \"last_name\"]}}]"}}, {"model": "admin.logentry", "pk": 76, "fields": {"action_time": "2018-08-13T05:50:34.027Z", "user": 1, "content_type": 11, "object_id": "12", "object_repr": "Randal Root", "action_flag": 2, "change_message": "[{\"changed\": {\"fields\": [\"first_name\", \"last_name\"]}}]"}}, {"model": "admin.logentry", "pk": 77, "fields": {"action_time": "2018-08-13T05:50:58.125Z", "user": 1, "content_type": 11, "object_id": "11", "object_repr": "Michael Gregor", "action_flag": 2, "change_message": "[{\"changed\": {\"fields\": [\"first_name\", \"last_name\"]}}]"}}, {"model": "admin.logentry", "pk": 78, "fields": {"action_time": "2018-08-13T05:51:06.788Z", "user": 1, "content_type": 11, "object_id": "10", "object_repr": "Thom Thorpe", "action_flag": 2, "change_message": "[{\"changed\": {\"fields\": [\"first_name\", \"last_name\"]}}]"}}, {"model": "admin.logentry", "pk": 79, "fields": {"action_time": "2018-08-13T05:51:13.337Z", "user": 1, "content_type": 11, "object_id": "9", "object_repr": "Thomas Mercer", "action_flag": 2, "change_message": "[{\"changed\": {\"fields\": [\"first_name\", \"last_name\"]}}]"}}, {"model": "admin.logentry", "pk": 80, "fields": {"action_time": "2018-08-13T05:51:19.990Z", "user": 1, "content_type": 11, "object_id": "8", "object_repr": "Chance Kelch", "action_flag": 2, "change_message": "[{\"changed\": {\"fields\": [\"first_name\", \"last_name\"]}}]"}}, {"model": "admin.logentry", "pk": 81, "fields": {"action_time": "2018-08-13T05:51:26.619Z", "user": 1, "content_type": 11, "object_id": "7", "object_repr": "Eric Nobis", "action_flag": 2, "change_message": "[{\"changed\": {\"fields\": [\"first_name\", \"last_name\"]}}]"}}, {"model": "admin.logentry", "pk": 82, "fields": {"action_time": "2018-08-13T05:51:33.570Z", "user": 1, "content_type": 11, "object_id": "6", "object_repr": "LA Smith", "action_flag": 2, "change_message": "[{\"changed\": {\"fields\": [\"first_name\", \"last_name\"]}}]"}}, {"model": "admin.logentry", "pk": 83, "fields": {"action_time": "2018-08-13T05:51:40.738Z", "user": 1, "content_type": 11, "object_id": "5", "object_repr": "Christy Heaton", "action_flag": 2, "change_message": "[{\"changed\": {\"fields\": [\"first_name\", \"last_name\"]}}]"}}, {"model": "admin.logentry", "pk": 84, "fields": {"action_time": "2018-08-13T05:51:49.665Z", "user": 1, "content_type": 11, "object_id": "4", "object_repr": "Alex Tokar", "action_flag": 2, "change_message": "[{\"changed\": {\"fields\": [\"first_name\", \"last_name\"]}}]"}}, {"model": "admin.logentry", "pk": 85, "fields": {"action_time": "2018-08-13T05:51:56.620Z", "user": 1, "content_type": 11, "object_id": "3", "object_repr": "Joe Schilz", "action_flag": 2, "change_message": "[{\"changed\": {\"fields\": [\"first_name\", \"last_name\"]}}]"}}, {"model": "admin.logentry", "pk": 86, "fields": {"action_time": "2018-08-13T05:52:02.949Z", "user": 1, "content_type": 11, "object_id": "2", "object_repr": "Rick Riehle", "action_flag": 2, "change_message": "[{\"changed\": {\"fields\": [\"first_name\", \"last_name\"]}}]"}}, {"model": "admin.logentry", "pk": 87, "fields": {"action_time": "2018-08-13T05:52:08.830Z", "user": 1, "content_type": 11, "object_id": "1", "object_repr": "Mike Bozee", "action_flag": 2, "change_message": "[{\"changed\": {\"fields\": [\"first_name\", \"last_name\"]}}]"}}, {"model": "admin.logentry", "pk": 88, "fields": {"action_time": "2018-08-13T05:59:54.740Z", "user": 1, "content_type": 11, "object_id": "2", "object_repr": "Rick Riehle", "action_flag": 2, "change_message": "[]"}}, {"model": "admin.logentry", "pk": 89, "fields": {"action_time": "2018-08-14T03:19:16.283Z", "user": 1, "content_type": 8, "object_id": "1", "object_repr": "UW Foster School of Business Retheme", "action_flag": 2, "change_message": "[{\"changed\": {\"fields\": [\"text\", \"image\", \"tags\"]}}]"}}, {"model": "admin.logentry", "pk": 90, "fields": {"action_time": "2018-08-14T03:33:36.451Z", "user": 1, "content_type": 8, "object_id": "1", "object_repr": "UW Foster School of Business Retheme", "action_flag": 2, "change_message": "[{\"changed\": {\"fields\": [\"image\", \"tags\"]}}]"}}, {"model": "admin.logentry", "pk": 91, "fields": {"action_time": "2018-08-14T03:35:26.126Z", "user": 1, "content_type": 8, "object_id": "1", "object_repr": "UW Foster School of Business Retheme", "action_flag": 2, "change_message": "[{\"changed\": {\"fields\": [\"text\", \"tags\"]}}]"}}, {"model": "admin.logentry", "pk": 92, "fields": {"action_time": "2018-08-14T03:36:46.761Z", "user": 1, "content_type": 8, "object_id": "1", "object_repr": "UW Foster School of Business Retheme", "action_flag": 2, "change_message": "[{\"changed\": {\"fields\": [\"text\", \"tags\"]}}]"}}, {"model": "admin.logentry", "pk": 93, "fields": {"action_time": "2018-08-14T03:39:13.419Z", "user": 1, "content_type": 8, "object_id": "2", "object_repr": "HappyNet", "action_flag": 1, "change_message": "[{\"added\": {}}]"}}, {"model": "admin.logentry", "pk": 94, "fields": {"action_time": "2018-08-14T03:47:04.747Z", "user": 1, "content_type": 8, "object_id": "2", "object_repr": "HappyNet", "action_flag": 2, "change_message": "[{\"changed\": {\"fields\": [\"image\", \"tags\"]}}]"}}, {"model": "admin.logentry", "pk": 95, "fields": {"action_time": "2018-08-14T03:50:39.803Z", "user": 1, "content_type": 8, "object_id": "3", "object_repr": "NNRG Wood Search", "action_flag": 1, "change_message": "[{\"added\": {}}]"}}, {"model": "admin.logentry", "pk": 96, "fields": {"action_time": "2018-08-14T03:52:02.076Z", "user": 1, "content_type": 8, "object_id": "3", "object_repr": "NNRG Wood Search", "action_flag": 2, "change_message": "[{\"changed\": {\"fields\": [\"tags\"]}}]"}}, {"model": "admin.logentry", "pk": 97, "fields": {"action_time": "2018-08-14T03:54:18.612Z", "user": 1, "content_type": 8, "object_id": "4", "object_repr": "Phrasebook Quiz", "action_flag": 1, "change_message": "[{\"added\": {}}]"}}, {"model": "admin.logentry", "pk": 98, "fields": {"action_time": "2018-08-14T03:57:57.698Z", "user": 1, "content_type": 8, "object_id": "5", "object_repr": "LegendaryOctoSniffle", "action_flag": 1, "change_message": "[{\"added\": {}}]"}}, {"model": "admin.logentry", "pk": 99, "fields": {"action_time": "2018-08-15T03:34:55.609Z", "user": 1, "content_type": 8, "object_id": "6", "object_repr": "UW Foster School of Business Blog", "action_flag": 1, "change_message": "[{\"added\": {}}]"}}, {"model": "admin.logentry", "pk": 100, "fields": {"action_time": "2018-08-15T03:36:23.927Z", "user": 1, "content_type": 8, "object_id": "7", "object_repr": "MBA Rankings Calculator", "action_flag": 1, "change_message": "[{\"added\": {}}]"}}, {"model": "admin.logentry", "pk": 101, "fields": {"action_time": "2018-08-15T03:36:58.091Z", "user": 1, "content_type": 8, "object_id": "8", "object_repr": "UW Foster Giving Form", "action_flag": 1, "change_message": "[{\"added\": {}}]"}}, {"model": "admin.logentry", "pk": 102, "fields": {"action_time": "2018-08-15T03:39:20.025Z", "user": 1, "content_type": 8, "object_id": "9", "object_repr": "Spotify API", "action_flag": 1, "change_message": "[{\"added\": {}}]"}}, {"model": "admin.logentry", "pk": 103, "fields": {"action_time": "2018-08-15T03:39:51.454Z", "user": 1, "content_type": 8, "object_id": "10", "object_repr": "Mailroom", "action_flag": 1, "change_message": "[{\"added\": {}}]"}}, {"model": "admin.logentry", "pk": 104, "fields": {"action_time": "2018-08-15T03:40:52.598Z", "user": 1, "content_type": 8, "object_id": "11", "object_repr": "UW Foster Components", "action_flag": 1, "change_message": "[{\"added\": {}}]"}}, {"model": "admin.logentry", "pk": 105, "fields": {"action_time": "2018-08-15T03:43:18.996Z", "user": 1, "content_type": 8, "object_id": "12", "object_repr": "ibestt", "action_flag": 1, "change_message": "[{\"added\": {}}]"}}, {"model": "admin.logentry", "pk": 106, "fields": {"action_time": "2018-08-15T03:44:28.208Z", "user": 1, "content_type": 8, "object_id": "1", "object_repr": "UW Foster Retheme", "action_flag": 2, "change_message": "[{\"changed\": {\"fields\": [\"title\", \"slug\", \"tags\"]}}]"}}, {"model": "admin.logentry", "pk": 107, "fields": {"action_time": "2018-08-15T03:44:37.155Z", "user": 1, "content_type": 8, "object_id": "6", "object_repr": "UW Foster Blog", "action_flag": 2, "change_message": "[{\"changed\": {\"fields\": [\"title\", \"tags\"]}}]"}}, {"model": "admin.logentry", "pk": 108, "fields": {"action_time": "2018-08-15T03:59:12.055Z", "user": 1, "content_type": 8, "object_id": "13", "object_repr": "Professional Portfolio", "action_flag": 1, "change_message": "[{\"added\": {}}]"}}, {"model": "admin.logentry", "pk": 109, "fields": {"action_time": "2018-08-15T04:25:51.813Z", "user": 1, "content_type": 12, "object_id": "1", "object_repr": "Web Developer", "action_flag": 1, "change_message": "[{\"added\": {}}]"}}, {"model": "admin.logentry", "pk": 110, "fields": {"action_time": "2018-08-15T04:25:56.674Z", "user": 1, "content_type": 12, "object_id": "1", "object_repr": "Web Developer", "action_flag": 2, "change_message": "[{\"changed\": {\"fields\": [\"tags\"]}}]"}}, {"model": "admin.logentry", "pk": 111, "fields": {"action_time": "2018-08-15T04:26:38.238Z", "user": 1, "content_type": 12, "object_id": "2", "object_repr": "Founder", "action_flag": 1, "change_message": "[{\"added\": {}}]"}}, {"model": "admin.logentry", "pk": 112, "fields": {"action_time": "2018-08-15T04:28:14.766Z", "user": 1, "content_type": 12, "object_id": "3", "object_repr": "Web Application Developer", "action_flag": 1, "change_message": "[{\"added\": {}}]"}}, {"model": "admin.logentry", "pk": 113, "fields": {"action_time": "2018-08-15T04:29:44.649Z", "user": 1, "content_type": 12, "object_id": "4", "object_repr": "Python Teaching Assistant", "action_flag": 1, "change_message": "[{\"added\": {}}]"}}, {"model": "admin.logentry", "pk": 114, "fields": {"action_time": "2018-08-15T04:50:08.642Z", "user": 1, "content_type": 12, "object_id": "4", "object_repr": "Python Teaching Assistant", "action_flag": 2, "change_message": "[{\"changed\": {\"fields\": [\"start_date\", \"end_date\", \"tags\"]}}]"}}, {"model": "admin.logentry", "pk": 115, "fields": {"action_time": "2018-08-15T04:54:25.886Z", "user": 1, "content_type": 12, "object_id": "3", "object_repr": "Web Application Developer", "action_flag": 2, "change_message": "[{\"changed\": {\"fields\": [\"start_date\", \"tags\"]}}]"}}, {"model": "admin.logentry", "pk": 116, "fields": {"action_time": "2018-08-15T04:54:30.350Z", "user": 1, "content_type": 12, "object_id": "4", "object_repr": "Python Teaching Assistant", "action_flag": 2, "change_message": "[{\"changed\": {\"fields\": [\"tags\"]}}]"}}, {"model": "admin.logentry", "pk": 117, "fields": {"action_time": "2018-08-15T04:54:40.722Z", "user": 1, "content_type": 12, "object_id": "4", "object_repr": "Python Teaching Assistant", "action_flag": 2, "change_message": "[{\"changed\": {\"fields\": [\"tags\"]}}]"}}, {"model": "admin.logentry", "pk": 118, "fields": {"action_time": "2018-08-15T04:55:15.556Z", "user": 1, "content_type": 12, "object_id": "2", "object_repr": "Founder", "action_flag": 2, "change_message": "[{\"changed\": {\"fields\": [\"start_date\", \"tags\"]}}]"}}, {"model": "admin.logentry", "pk": 119, "fields": {"action_time": "2018-08-15T04:55:26.172Z", "user": 1, "content_type": 12, "object_id": "1", "object_repr": "Web Developer", "action_flag": 2, "change_message": "[{\"changed\": {\"fields\": [\"start_date\", \"tags\"]}}]"}}, {"model": "admin.logentry", "pk": 120, "fields": {"action_time": "2018-08-15T04:56:48.486Z", "user": 1, "content_type": 12, "object_id": "5", "object_repr": "UI Developer", "action_flag": 1, "change_message": "[{\"added\": {}}]"}}, {"model": "admin.logentry", "pk": 121, "fields": {"action_time": "2018-08-15T04:58:09.659Z", "user": 1, "content_type": 12, "object_id": "6", "object_repr": "Web & Graphic Designer", "action_flag": 1, "change_message": "[{\"added\": {}}]"}}, {"model": "admin.logentry", "pk": 122, "fields": {"action_time": "2018-08-15T04:59:57.513Z", "user": 1, "content_type": 12, "object_id": "7", "object_repr": "Native English Teacher", "action_flag": 1, "change_message": "[{\"added\": {}}]"}}, {"model": "admin.logentry", "pk": 123, "fields": {"action_time": "2018-08-15T05:02:51.366Z", "user": 1, "content_type": 11, "object_id": "16", "object_repr": "Larry Fritts", "action_flag": 1, "change_message": "[{\"added\": {}}]"}}, {"model": "admin.logentry", "pk": 124, "fields": {"action_time": "2018-08-15T05:03:27.408Z", "user": 1, "content_type": 11, "object_id": "17", "object_repr": "Jeff Shulman", "action_flag": 1, "change_message": "[{\"added\": {}}]"}}, {"model": "admin.logentry", "pk": 125, "fields": {"action_time": "2018-08-17T23:12:42.460Z", "user": 1, "content_type": 13, "object_id": "1", "object_repr": "Certificate in Python Programming", "action_flag": 1, "change_message": "[{\"added\": {}}]"}}, {"model": "admin.logentry", "pk": 126, "fields": {"action_time": "2018-08-17T23:16:44.760Z", "user": 1, "content_type": 13, "object_id": "2", "object_repr": "BA International Business, Marketing, Management", "action_flag": 1, "change_message": "[{\"added\": {}}]"}}, {"model": "admin.logentry", "pk": 127, "fields": {"action_time": "2018-08-17T23:18:03.491Z", "user": 1, "content_type": 13, "object_id": "3", "object_repr": "TEFL & TESOL", "action_flag": 1, "change_message": "[{\"added\": {}}]"}}, {"model": "admin.logentry", "pk": 128, "fields": {"action_time": "2018-08-17T23:19:31.449Z", "user": 1, "content_type": 13, "object_id": "4", "object_repr": "HIPAA Privacy & Security for Business Associates", "action_flag": 1, "change_message": "[{\"added\": {}}]"}}, {"model": "admin.logentry", "pk": 129, "fields": {"action_time": "2018-08-17T23:19:48.421Z", "user": 1, "content_type": 13, "object_id": "3", "object_repr": "TEFL & TESOL Certificate", "action_flag": 2, "change_message": "[{\"changed\": {\"fields\": [\"title\", \"tags\"]}}]"}}, {"model": "admin.logentry", "pk": 130, "fields": {"action_time": "2018-08-17T23:21:16.544Z", "user": 1, "content_type": 13, "object_id": "3", "object_repr": "TEFL & TESOL Certificate", "action_flag": 2, "change_message": "[{\"changed\": {\"fields\": [\"slug\", \"tags\"]}}]"}}, {"model": "admin.logentry", "pk": 131, "fields": {"action_time": "2018-08-17T23:23:43.422Z", "user": 1, "content_type": 13, "object_id": "5", "object_repr": "Intro to Cloud Computing", "action_flag": 1, "change_message": "[{\"added\": {}}]"}}, {"model": "admin.logentry", "pk": 132, "fields": {"action_time": "2018-08-18T06:49:38.639Z", "user": 1, "content_type": 7, "object_id": "10", "object_repr": "Bitching \u2260 Solution", "action_flag": 2, "change_message": "[{\"changed\": {\"fields\": [\"slug\", \"tags\"]}}]"}}, {"model": "admin.logentry", "pk": 133, "fields": {"action_time": "2018-08-18T22:00:17.031Z", "user": 1, "content_type": 7, "object_id": "14", "object_repr": "Design as a Logic Puzzle", "action_flag": 2, "change_message": "[{\"changed\": {\"fields\": [\"text\", \"tags\"]}}]"}}, {"model": "admin.logentry", "pk": 134, "fields": {"action_time": "2018-08-18T22:02:12.127Z", "user": 1, "content_type": 7, "object_id": "13", "object_repr": "Leaving Your Legacy", "action_flag": 2, "change_message": "[{\"changed\": {\"fields\": [\"text\", \"tags\"]}}]"}}, {"model": "admin.logentry", "pk": 135, "fields": {"action_time": "2018-08-18T22:02:34.568Z", "user": 1, "content_type": 7, "object_id": "11", "object_repr": "Aphantasia: Mind Without a Monitor", "action_flag": 2, "change_message": "[{\"changed\": {\"fields\": [\"text\", \"tags\"]}}]"}}, {"model": "admin.logentry", "pk": 136, "fields": {"action_time": "2018-08-18T22:03:03.968Z", "user": 1, "content_type": 7, "object_id": "4", "object_repr": "Hot Potatoes & Bus Factors", "action_flag": 2, "change_message": "[{\"changed\": {\"fields\": [\"text\", \"tags\"]}}]"}}, {"model": "admin.logentry", "pk": 137, "fields": {"action_time": "2018-08-18T22:11:19.509Z", "user": 1, "content_type": 7, "object_id": "4", "object_repr": "Hot Potatoes & Bus Factors", "action_flag": 2, "change_message": "[{\"changed\": {\"fields\": [\"text\", \"tags\"]}}]"}}, {"model": "admin.logentry", "pk": 138, "fields": {"action_time": "2018-08-18T22:37:58.980Z", "user": 1, "content_type": 7, "object_id": "4", "object_repr": "Hot Potatoes & Bus Factors", "action_flag": 2, "change_message": "[{\"changed\": {\"fields\": [\"text\", \"tags\"]}}]"}}, {"model": "admin.logentry", "pk": 139, "fields": {"action_time": "2018-08-18T22:38:44.055Z", "user": 1, "content_type": 7, "object_id": "4", "object_repr": "Hot Potatoes & Bus Factors", "action_flag": 2, "change_message": "[{\"changed\": {\"fields\": [\"text\", \"tags\"]}}]"}}, {"model": "admin.logentry", "pk": 140, "fields": {"action_time": "2018-08-18T22:52:12.019Z", "user": 1, "content_type": 7, "object_id": "4", "object_repr": "Hot Potatoes & Bus Factors", "action_flag": 2, "change_message": "[{\"changed\": {\"fields\": [\"text\", \"tags\"]}}]"}}, {"model": "admin.logentry", "pk": 141, "fields": {"action_time": "2018-08-18T22:55:22.139Z", "user": 1, "content_type": 7, "object_id": "4", "object_repr": "Hot Potatoes & Bus Factors", "action_flag": 2, "change_message": "[{\"changed\": {\"fields\": [\"text\", \"tags\"]}}]"}}, {"model": "admin.logentry", "pk": 142, "fields": {"action_time": "2018-08-19T18:00:56.678Z", "user": 1, "content_type": 12, "object_id": "1", "object_repr": "Web Developer", "action_flag": 2, "change_message": "[{\"changed\": {\"fields\": [\"text\", \"tags\"]}}]"}}, {"model": "admin.logentry", "pk": 143, "fields": {"action_time": "2018-08-23T14:35:16.734Z", "user": 1, "content_type": 7, "object_id": "4", "object_repr": "Hot Potatoes & Bus Factors", "action_flag": 2, "change_message": "[{\"changed\": {\"fields\": [\"text\", \"tags\"]}}]"}}, {"model": "admin.logentry", "pk": 144, "fields": {"action_time": "2018-08-23T14:35:32.555Z", "user": 1, "content_type": 7, "object_id": "4", "object_repr": "Hot Potatoes & Bus Factors", "action_flag": 2, "change_message": "[{\"changed\": {\"fields\": [\"tags\"]}}]"}}, {"model": "admin.logentry", "pk": 145, "fields": {"action_time": "2018-08-23T14:42:23.085Z", "user": 1, "content_type": 7, "object_id": "4", "object_repr": "Hot Potatoes & Bus Factors", "action_flag": 2, "change_message": "[{\"changed\": {\"fields\": [\"text\", \"tags\"]}}]"}}, {"model": "admin.logentry", "pk": 146, "fields": {"action_time": "2018-08-23T14:44:21.929Z", "user": 1, "content_type": 7, "object_id": "4", "object_repr": "Hot Potatoes & Bus Factors", "action_flag": 2, "change_message": "[{\"changed\": {\"fields\": [\"text\", \"tags\"]}}]"}}, {"model": "admin.logentry", "pk": 147, "fields": {"action_time": "2018-08-23T14:44:42.349Z", "user": 1, "content_type": 7, "object_id": "4", "object_repr": "Hot Potatoes & Bus Factors", "action_flag": 2, "change_message": "[{\"changed\": {\"fields\": [\"text\", \"tags\"]}}]"}}, {"model": "admin.logentry", "pk": 148, "fields": {"action_time": "2018-08-23T14:49:35.127Z", "user": 1, "content_type": 7, "object_id": "4", "object_repr": "Hot Potatoes & Bus Factors", "action_flag": 2, "change_message": "[{\"changed\": {\"fields\": [\"text\", \"tags\"]}}]"}}, {"model": "admin.logentry", "pk": 149, "fields": {"action_time": "2018-08-23T14:53:17.752Z", "user": 1, "content_type": 7, "object_id": "4", "object_repr": "Hot Potatoes & Bus Factors", "action_flag": 2, "change_message": "[{\"changed\": {\"fields\": [\"text\", \"tags\"]}}]"}}, {"model": "admin.logentry", "pk": 150, "fields": {"action_time": "2018-08-23T14:53:55.404Z", "user": 1, "content_type": 7, "object_id": "4", "object_repr": "Hot Potatoes & Bus Factors", "action_flag": 2, "change_message": "[{\"changed\": {\"fields\": [\"text\", \"tags\"]}}]"}}, {"model": "admin.logentry", "pk": 151, "fields": {"action_time": "2018-08-23T14:54:44.727Z", "user": 1, "content_type": 7, "object_id": "4", "object_repr": "Hot Potatoes & Bus Factors", "action_flag": 2, "change_message": "[{\"changed\": {\"fields\": [\"text\", \"tags\"]}}]"}}, {"model": "admin.logentry", "pk": 152, "fields": {"action_time": "2018-08-23T14:55:10.956Z", "user": 1, "content_type": 7, "object_id": "4", "object_repr": "Hot Potatoes & Bus Factors", "action_flag": 2, "change_message": "[{\"changed\": {\"fields\": [\"tags\"]}}]"}}, {"model": "admin.logentry", "pk": 153, "fields": {"action_time": "2018-08-27T13:32:27.135Z", "user": 1, "content_type": 7, "object_id": "12", "object_repr": "Contrasting SLU", "action_flag": 2, "change_message": "[{\"changed\": {\"fields\": [\"text\", \"tags\"]}}]"}}, {"model": "admin.logentry", "pk": 154, "fields": {"action_time": "2018-08-27T13:35:46.794Z", "user": 1, "content_type": 7, "object_id": "12", "object_repr": "Contrasting SLU", "action_flag": 2, "change_message": "[{\"changed\": {\"fields\": [\"text\", \"tags\"]}}]"}}, {"model": "admin.logentry", "pk": 155, "fields": {"action_time": "2018-08-27T13:36:39.779Z", "user": 1, "content_type": 7, "object_id": "12", "object_repr": "Contrasting SLU", "action_flag": 2, "change_message": "[{\"changed\": {\"fields\": [\"text\", \"tags\"]}}]"}}, {"model": "admin.logentry", "pk": 156, "fields": {"action_time": "2018-08-27T13:37:14.516Z", "user": 1, "content_type": 7, "object_id": "12", "object_repr": "Contrasting SLU", "action_flag": 2, "change_message": "[{\"changed\": {\"fields\": [\"text\", \"tags\"]}}]"}}, {"model": "admin.logentry", "pk": 157, "fields": {"action_time": "2018-08-27T13:46:32.649Z", "user": 1, "content_type": 7, "object_id": "12", "object_repr": "Contrasting SLU", "action_flag": 2, "change_message": "[{\"changed\": {\"fields\": [\"text\", \"tags\"]}}]"}}, {"model": "admin.logentry", "pk": 158, "fields": {"action_time": "2018-08-27T13:48:14.440Z", "user": 1, "content_type": 7, "object_id": "12", "object_repr": "Contrasting SLU", "action_flag": 2, "change_message": "[{\"changed\": {\"fields\": [\"text\", \"tags\"]}}]"}}, {"model": "admin.logentry", "pk": 159, "fields": {"action_time": "2018-08-27T14:10:13.331Z", "user": 1, "content_type": 7, "object_id": "5", "object_repr": "Everyday Dependencies", "action_flag": 2, "change_message": "[{\"changed\": {\"fields\": [\"text\", \"tags\"]}}]"}}, {"model": "admin.logentry", "pk": 160, "fields": {"action_time": "2018-08-27T14:39:02.792Z", "user": 1, "content_type": 7, "object_id": "5", "object_repr": "Everyday Dependencies", "action_flag": 2, "change_message": "[{\"changed\": {\"fields\": [\"text\", \"tags\"]}}]"}}, {"model": "admin.logentry", "pk": 161, "fields": {"action_time": "2018-08-27T14:40:43.806Z", "user": 1, "content_type": 7, "object_id": "5", "object_repr": "Everyday Dependencies", "action_flag": 2, "change_message": "[{\"changed\": {\"fields\": [\"text\", \"tags\"]}}]"}}, {"model": "admin.logentry", "pk": 162, "fields": {"action_time": "2018-08-27T14:41:39.149Z", "user": 1, "content_type": 7, "object_id": "5", "object_repr": "Everyday Dependencies", "action_flag": 2, "change_message": "[{\"changed\": {\"fields\": [\"text\", \"tags\"]}}]"}}, {"model": "admin.logentry", "pk": 163, "fields": {"action_time": "2018-08-27T14:55:43.170Z", "user": 1, "content_type": 7, "object_id": "9", "object_repr": "Be Shameless", "action_flag": 2, "change_message": "[{\"changed\": {\"fields\": [\"text\", \"tags\"]}}]"}}, {"model": "admin.logentry", "pk": 164, "fields": {"action_time": "2018-08-27T15:01:23.275Z", "user": 1, "content_type": 7, "object_id": "9", "object_repr": "Be Shameless", "action_flag": 2, "change_message": "[{\"changed\": {\"fields\": [\"text\", \"tags\"]}}]"}}, {"model": "admin.logentry", "pk": 165, "fields": {"action_time": "2018-08-28T03:56:43.829Z", "user": 1, "content_type": 7, "object_id": "9", "object_repr": "Be Shameless", "action_flag": 2, "change_message": "[{\"changed\": {\"fields\": [\"text\", \"tags\"]}}]"}}, {"model": "admin.logentry", "pk": 166, "fields": {"action_time": "2018-08-28T04:08:55.608Z", "user": 1, "content_type": 7, "object_id": "8", "object_repr": "Self-actualization", "action_flag": 2, "change_message": "[{\"changed\": {\"fields\": [\"text\", \"tags\"]}}]"}}, {"model": "admin.logentry", "pk": 167, "fields": {"action_time": "2018-08-28T04:09:28.008Z", "user": 1, "content_type": 7, "object_id": "8", "object_repr": "Self-actualization", "action_flag": 2, "change_message": "[{\"changed\": {\"fields\": [\"text\", \"tags\"]}}]"}}, {"model": "admin.logentry", "pk": 168, "fields": {"action_time": "2018-09-22T16:29:01.966Z", "user": 1, "content_type": 14, "object_id": "1", "object_repr": "LA Smith", "action_flag": 1, "change_message": "[{\"added\": {}}]"}}, {"model": "admin.logentry", "pk": 169, "fields": {"action_time": "2018-09-22T22:52:53.817Z", "user": 1, "content_type": 14, "object_id": "1", "object_repr": "LA Smith", "action_flag": 2, "change_message": "[{\"changed\": {\"fields\": [\"positions\"]}}]"}}, {"model": "admin.logentry", "pk": 170, "fields": {"action_time": "2018-09-22T22:58:11.374Z", "user": 1, "content_type": 14, "object_id": "1", "object_repr": "LA Smith", "action_flag": 2, "change_message": "[]"}}, {"model": "admin.logentry", "pk": 171, "fields": {"action_time": "2018-09-22T23:09:31.968Z", "user": 1, "content_type": 14, "object_id": "1", "object_repr": "LA Smith", "action_flag": 2, "change_message": "[{\"changed\": {\"fields\": [\"projects\"]}}]"}}, {"model": "admin.logentry", "pk": 172, "fields": {"action_time": "2018-09-22T23:24:20.957Z", "user": 1, "content_type": 14, "object_id": "2", "object_repr": "Alex Tokar", "action_flag": 1, "change_message": "[{\"added\": {}}]"}}, {"model": "admin.logentry", "pk": 173, "fields": {"action_time": "2018-09-22T23:25:07.526Z", "user": 1, "content_type": 14, "object_id": "2", "object_repr": "Alex Tokar", "action_flag": 2, "change_message": "[{\"changed\": {\"fields\": [\"image\"]}}]"}}, {"model": "admin.logentry", "pk": 174, "fields": {"action_time": "2018-09-22T23:28:06.671Z", "user": 1, "content_type": 14, "object_id": "3", "object_repr": "Eric Nobis", "action_flag": 1, "change_message": "[{\"added\": {}}]"}}, {"model": "admin.logentry", "pk": 175, "fields": {"action_time": "2018-09-22T23:30:20.080Z", "user": 1, "content_type": 14, "object_id": "4", "object_repr": "Rick Riehle", "action_flag": 1, "change_message": "[{\"added\": {}}]"}}, {"model": "admin.logentry", "pk": 176, "fields": {"action_time": "2018-09-22T23:32:33.959Z", "user": 1, "content_type": 14, "object_id": "5", "object_repr": "Joe Schilz", "action_flag": 1, "change_message": "[{\"added\": {}}]"}}, {"model": "admin.logentry", "pk": 177, "fields": {"action_time": "2018-09-22T23:33:51.713Z", "user": 1, "content_type": 14, "object_id": "6", "object_repr": "Christy Heaton", "action_flag": 1, "change_message": "[{\"added\": {}}]"}}, {"model": "admin.logentry", "pk": 178, "fields": {"action_time": "2018-09-22T23:35:44.900Z", "user": 1, "content_type": 14, "object_id": "7", "object_repr": "Steven Hatting", "action_flag": 1, "change_message": "[{\"added\": {}}]"}}, {"model": "admin.logentry", "pk": 179, "fields": {"action_time": "2018-09-22T23:37:08.951Z", "user": 1, "content_type": 14, "object_id": "8", "object_repr": "Randal Root", "action_flag": 1, "change_message": "[{\"added\": {}}]"}}, {"model": "admin.logentry", "pk": 180, "fields": {"action_time": "2018-09-22T23:38:38.768Z", "user": 1, "content_type": 14, "object_id": "9", "object_repr": "Andrea Bowers", "action_flag": 1, "change_message": "[{\"added\": {}}]"}}, {"model": "admin.logentry", "pk": 181, "fields": {"action_time": "2018-09-22T23:39:01.620Z", "user": 1, "content_type": 14, "object_id": "9", "object_repr": "Andrea Bowers", "action_flag": 2, "change_message": "[{\"changed\": {\"fields\": [\"image\"]}}]"}}, {"model": "admin.logentry", "pk": 182, "fields": {"action_time": "2018-09-22T23:40:52.651Z", "user": 1, "content_type": 14, "object_id": "10", "object_repr": "Sarah Massey", "action_flag": 1, "change_message": "[{\"added\": {}}]"}}, {"model": "admin.logentry", "pk": 183, "fields": {"action_time": "2018-09-22T23:42:31.252Z", "user": 1, "content_type": 14, "object_id": "11", "object_repr": "Jeff Shulman", "action_flag": 1, "change_message": "[{\"added\": {}}]"}}, {"model": "admin.logentry", "pk": 184, "fields": {"action_time": "2018-09-22T23:43:58.456Z", "user": 1, "content_type": 14, "object_id": "12", "object_repr": "Thomas Thorpe", "action_flag": 1, "change_message": "[{\"added\": {}}]"}}, {"model": "admin.logentry", "pk": 185, "fields": {"action_time": "2018-09-23T00:01:04.931Z", "user": 1, "content_type": 14, "object_id": "13", "object_repr": "Matt Pressnall", "action_flag": 1, "change_message": "[{\"added\": {}}]"}}, {"model": "admin.logentry", "pk": 186, "fields": {"action_time": "2018-09-23T00:02:35.669Z", "user": 1, "content_type": 14, "object_id": "14", "object_repr": "Melinda Early", "action_flag": 1, "change_message": "[{\"added\": {}}]"}}, {"model": "admin.logentry", "pk": 187, "fields": {"action_time": "2018-09-23T00:04:45.606Z", "user": 1, "content_type": 14, "object_id": "15", "object_repr": "Thomas Mercer", "action_flag": 1, "change_message": "[{\"added\": {}}]"}}, {"model": "admin.logentry", "pk": 188, "fields": {"action_time": "2018-09-23T00:34:46.780Z", "user": 1, "content_type": 14, "object_id": "15", "object_repr": "Thomas Mercer", "action_flag": 2, "change_message": "[{\"changed\": {\"fields\": [\"relationship\"]}}]"}}, {"model": "admin.logentry", "pk": 189, "fields": {"action_time": "2018-09-23T00:34:56.074Z", "user": 1, "content_type": 14, "object_id": "14", "object_repr": "Melinda Early", "action_flag": 2, "change_message": "[{\"changed\": {\"fields\": [\"relationship\"]}}]"}}, {"model": "admin.logentry", "pk": 190, "fields": {"action_time": "2018-09-23T00:35:29.407Z", "user": 1, "content_type": 14, "object_id": "13", "object_repr": "Matt Pressnall", "action_flag": 2, "change_message": "[{\"changed\": {\"fields\": [\"relationship\"]}}]"}}, {"model": "admin.logentry", "pk": 191, "fields": {"action_time": "2018-09-23T00:35:49.652Z", "user": 1, "content_type": 14, "object_id": "10", "object_repr": "Sarah Massey", "action_flag": 2, "change_message": "[{\"changed\": {\"fields\": [\"relationship\"]}}]"}}, {"model": "admin.logentry", "pk": 192, "fields": {"action_time": "2018-09-23T00:35:57.340Z", "user": 1, "content_type": 14, "object_id": "9", "object_repr": "Andrea Bowers", "action_flag": 2, "change_message": "[{\"changed\": {\"fields\": [\"relationship\"]}}]"}}, {"model": "admin.logentry", "pk": 193, "fields": {"action_time": "2018-09-23T00:36:04.601Z", "user": 1, "content_type": 14, "object_id": "8", "object_repr": "Randal Root", "action_flag": 2, "change_message": "[{\"changed\": {\"fields\": [\"relationship\"]}}]"}}, {"model": "admin.logentry", "pk": 194, "fields": {"action_time": "2018-09-23T00:36:12.803Z", "user": 1, "content_type": 14, "object_id": "6", "object_repr": "Christy Heaton", "action_flag": 2, "change_message": "[{\"changed\": {\"fields\": [\"relationship\"]}}]"}}, {"model": "admin.logentry", "pk": 195, "fields": {"action_time": "2018-09-23T00:36:18.564Z", "user": 1, "content_type": 14, "object_id": "5", "object_repr": "Joe Schilz", "action_flag": 2, "change_message": "[{\"changed\": {\"fields\": [\"relationship\"]}}]"}}, {"model": "admin.logentry", "pk": 196, "fields": {"action_time": "2018-09-23T00:36:29.947Z", "user": 1, "content_type": 14, "object_id": "4", "object_repr": "Rick Riehle", "action_flag": 2, "change_message": "[{\"changed\": {\"fields\": [\"relationship\"]}}]"}}, {"model": "admin.logentry", "pk": 197, "fields": {"action_time": "2018-09-23T00:36:46.926Z", "user": 1, "content_type": 14, "object_id": "2", "object_repr": "Alex Tokar", "action_flag": 2, "change_message": "[{\"changed\": {\"fields\": [\"relationship\"]}}]"}}, {"model": "admin.logentry", "pk": 198, "fields": {"action_time": "2018-09-23T00:36:52.198Z", "user": 1, "content_type": 14, "object_id": "1", "object_repr": "LA Smith", "action_flag": 2, "change_message": "[{\"changed\": {\"fields\": [\"relationship\"]}}]"}}, {"model": "admin.logentry", "pk": 199, "fields": {"action_time": "2018-09-23T01:25:17.302Z", "user": 1, "content_type": 14, "object_id": "16", "object_repr": "Chas Holden", "action_flag": 1, "change_message": "[{\"added\": {}}]"}}, {"model": "admin.logentry", "pk": 200, "fields": {"action_time": "2018-09-23T01:26:41.484Z", "user": 1, "content_type": 14, "object_id": "17", "object_repr": "Alant\u00e9 Fields", "action_flag": 1, "change_message": "[{\"added\": {}}]"}}, {"model": "admin.logentry", "pk": 201, "fields": {"action_time": "2018-09-23T01:27:46.812Z", "user": 1, "content_type": 14, "object_id": "18", "object_repr": "Danielle McConnell", "action_flag": 1, "change_message": "[{\"added\": {}}]"}}, {"model": "admin.logentry", "pk": 202, "fields": {"action_time": "2018-09-23T01:28:49.828Z", "user": 1, "content_type": 14, "object_id": "19", "object_repr": "Paul Gibson", "action_flag": 1, "change_message": "[{\"added\": {}}]"}}, {"model": "admin.logentry", "pk": 203, "fields": {"action_time": "2018-09-23T01:30:21.913Z", "user": 1, "content_type": 14, "object_id": "20", "object_repr": "Mick Westrick", "action_flag": 1, "change_message": "[{\"added\": {}}]"}}, {"model": "admin.logentry", "pk": 204, "fields": {"action_time": "2018-09-23T01:31:47.838Z", "user": 1, "content_type": 14, "object_id": "21", "object_repr": "Emily Nichols", "action_flag": 1, "change_message": "[{\"added\": {}}]"}}, {"model": "admin.logentry", "pk": 205, "fields": {"action_time": "2018-09-23T01:33:02.661Z", "user": 1, "content_type": 14, "object_id": "22", "object_repr": "Sean McNeil", "action_flag": 1, "change_message": "[{\"added\": {}}]"}}, {"model": "admin.logentry", "pk": 206, "fields": {"action_time": "2018-09-23T01:34:20.064Z", "user": 1, "content_type": 14, "object_id": "23", "object_repr": "Ed Kromer", "action_flag": 1, "change_message": "[{\"added\": {}}]"}}, {"model": "admin.logentry", "pk": 207, "fields": {"action_time": "2018-09-23T01:35:12.106Z", "user": 1, "content_type": 14, "object_id": "24", "object_repr": "Melissa Falcone", "action_flag": 1, "change_message": "[{\"added\": {}}]"}}, {"model": "admin.logentry", "pk": 208, "fields": {"action_time": "2018-09-23T01:36:48.509Z", "user": 1, "content_type": 14, "object_id": "25", "object_repr": "Samantha Ogle", "action_flag": 1, "change_message": "[{\"added\": {}}]"}}, {"model": "admin.logentry", "pk": 209, "fields": {"action_time": "2018-09-23T14:13:40.103Z", "user": 1, "content_type": 14, "object_id": "2", "object_repr": "Alex Tokar", "action_flag": 2, "change_message": "[{\"changed\": {\"fields\": [\"relationship\"]}}]"}}, {"model": "admin.logentry", "pk": 210, "fields": {"action_time": "2018-09-23T14:13:52.207Z", "user": 1, "content_type": 14, "object_id": "4", "object_repr": "Rick Riehle", "action_flag": 2, "change_message": "[{\"changed\": {\"fields\": [\"relationship\"]}}]"}}, {"model": "admin.logentry", "pk": 211, "fields": {"action_time": "2018-09-23T14:14:06.610Z", "user": 1, "content_type": 14, "object_id": "13", "object_repr": "Matt Pressnall", "action_flag": 2, "change_message": "[{\"changed\": {\"fields\": [\"relationship\"]}}]"}}, {"model": "admin.logentry", "pk": 212, "fields": {"action_time": "2018-09-23T14:29:27.681Z", "user": 1, "content_type": 14, "object_id": "26", "object_repr": "Chance Kelch", "action_flag": 1, "change_message": "[{\"added\": {}}]"}}, {"model": "admin.logentry", "pk": 213, "fields": {"action_time": "2018-09-23T14:30:27.723Z", "user": 1, "content_type": 14, "object_id": "26", "object_repr": "Chance Kelch", "action_flag": 2, "change_message": "[]"}}, {"model": "admin.logentry", "pk": 214, "fields": {"action_time": "2018-09-23T14:32:25.413Z", "user": 1, "content_type": 14, "object_id": "27", "object_repr": "Teresa Marks", "action_flag": 1, "change_message": "[{\"added\": {}}]"}}, {"model": "admin.logentry", "pk": 215, "fields": {"action_time": "2018-09-23T14:32:35.789Z", "user": 1, "content_type": 14, "object_id": "27", "object_repr": "Teresa Marks", "action_flag": 2, "change_message": "[{\"changed\": {\"fields\": [\"image\"]}}]"}}, {"model": "admin.logentry", "pk": 216, "fields": {"action_time": "2018-09-23T14:33:51.558Z", "user": 1, "content_type": 14, "object_id": "28", "object_repr": "Anna Marie Golden", "action_flag": 1, "change_message": "[{\"added\": {}}]"}}, {"model": "admin.logentry", "pk": 217, "fields": {"action_time": "2018-09-23T14:34:01.029Z", "user": 1, "content_type": 14, "object_id": "28", "object_repr": "Anna Marie Golden", "action_flag": 2, "change_message": "[{\"changed\": {\"fields\": [\"projects\"]}}]"}}, {"model": "admin.logentry", "pk": 218, "fields": {"action_time": "2018-09-23T14:35:28.734Z", "user": 1, "content_type": 14, "object_id": "29", "object_repr": "Jennifer Baker", "action_flag": 1, "change_message": "[{\"added\": {}}]"}}, {"model": "admin.logentry", "pk": 219, "fields": {"action_time": "2018-09-23T14:36:43.275Z", "user": 1, "content_type": 14, "object_id": "30", "object_repr": "Dan Buys", "action_flag": 1, "change_message": "[{\"added\": {}}]"}}, {"model": "admin.logentry", "pk": 220, "fields": {"action_time": "2018-09-23T14:40:16.652Z", "user": 1, "content_type": 14, "object_id": "30", "object_repr": "Dan Buys", "action_flag": 2, "change_message": "[{\"changed\": {\"fields\": [\"image\"]}}]"}}, {"model": "admin.logentry", "pk": 221, "fields": {"action_time": "2018-09-23T14:52:12.336Z", "user": 1, "content_type": 14, "object_id": "26", "object_repr": "Chance Kelch", "action_flag": 2, "change_message": "[{\"changed\": {\"fields\": [\"relationship\"]}}]"}}, {"model": "admin.logentry", "pk": 222, "fields": {"action_time": "2018-09-24T03:06:49.740Z", "user": 1, "content_type": 14, "object_id": "11", "object_repr": "Jeff Shulman", "action_flag": 2, "change_message": "[{\"changed\": {\"fields\": [\"relationship\"]}}]"}}, {"model": "admin.logentry", "pk": 223, "fields": {"action_time": "2018-09-24T03:07:05.190Z", "user": 1, "content_type": 14, "object_id": "25", "object_repr": "Samantha Ogle", "action_flag": 2, "change_message": "[{\"changed\": {\"fields\": [\"relationship\"]}}]"}}, {"model": "admin.logentry", "pk": 224, "fields": {"action_time": "2018-09-24T04:27:46.396Z", "user": 1, "content_type": 14, "object_id": "1", "object_repr": "LA Smith", "action_flag": 2, "change_message": "[{\"changed\": {\"fields\": [\"educations\"]}}]"}}, {"model": "admin.logentry", "pk": 225, "fields": {"action_time": "2018-09-24T04:52:27.473Z", "user": 1, "content_type": 14, "object_id": "31", "object_repr": "Kun Pyo (Charles) Kang", "action_flag": 1, "change_message": "[{\"added\": {}}]"}}, {"model": "admin.logentry", "pk": 226, "fields": {"action_time": "2018-09-24T04:53:32.517Z", "user": 1, "content_type": 14, "object_id": "31", "object_repr": "Charles Kang", "action_flag": 2, "change_message": "[{\"changed\": {\"fields\": [\"first_name\", \"slug\"]}}]"}}, {"model": "admin.logentry", "pk": 227, "fields": {"action_time": "2018-09-24T05:00:56.665Z", "user": 1, "content_type": 14, "object_id": "1", "object_repr": "LA Smith", "action_flag": 2, "change_message": "[{\"changed\": {\"fields\": [\"text\"]}}]"}}, {"model": "admin.logentry", "pk": 228, "fields": {"action_time": "2018-09-24T05:02:48.090Z", "user": 1, "content_type": 14, "object_id": "31", "object_repr": "Charles Kang", "action_flag": 2, "change_message": "[{\"changed\": {\"fields\": [\"text\"]}}]"}}, {"model": "admin.logentry", "pk": 229, "fields": {"action_time": "2018-09-24T12:16:38.229Z", "user": 1, "content_type": 14, "object_id": "30", "object_repr": "Dan Buys", "action_flag": 2, "change_message": "[{\"changed\": {\"fields\": [\"notes\"]}}]"}}, {"model": "admin.logentry", "pk": 230, "fields": {"action_time": "2018-09-24T12:16:48.423Z", "user": 1, "content_type": 14, "object_id": "29", "object_repr": "Jennifer Baker", "action_flag": 2, "change_message": "[{\"changed\": {\"fields\": [\"notes\"]}}]"}}, {"model": "admin.logentry", "pk": 231, "fields": {"action_time": "2018-09-24T12:17:10.647Z", "user": 1, "content_type": 14, "object_id": "26", "object_repr": "Chance Kelch", "action_flag": 2, "change_message": "[{\"changed\": {\"fields\": [\"notes\"]}}]"}}, {"model": "admin.logentry", "pk": 232, "fields": {"action_time": "2018-09-24T12:18:23.387Z", "user": 1, "content_type": 14, "object_id": "26", "object_repr": "Chance Kelch", "action_flag": 2, "change_message": "[{\"changed\": {\"fields\": [\"notes\"]}}]"}}, {"model": "admin.logentry", "pk": 233, "fields": {"action_time": "2018-09-24T13:10:19.357Z", "user": 1, "content_type": 15, "object_id": "1", "object_repr": "LA Smith", "action_flag": 1, "change_message": "[{\"added\": {}}]"}}, {"model": "admin.logentry", "pk": 234, "fields": {"action_time": "2018-09-24T13:20:16.398Z", "user": 1, "content_type": 15, "object_id": "2", "object_repr": "Alex Tokar", "action_flag": 1, "change_message": "[{\"added\": {}}]"}}, {"model": "admin.logentry", "pk": 235, "fields": {"action_time": "2018-09-24T13:21:05.220Z", "user": 1, "content_type": 15, "object_id": "3", "object_repr": "Eric Nobis", "action_flag": 1, "change_message": "[{\"added\": {}}]"}}, {"model": "admin.logentry", "pk": 236, "fields": {"action_time": "2018-09-24T13:22:31.234Z", "user": 1, "content_type": 15, "object_id": "4", "object_repr": "Rick Riehle", "action_flag": 1, "change_message": "[{\"added\": {}}]"}}, {"model": "admin.logentry", "pk": 237, "fields": {"action_time": "2018-09-24T13:24:50.118Z", "user": 1, "content_type": 15, "object_id": "5", "object_repr": "Joe Schilz", "action_flag": 1, "change_message": "[{\"added\": {}}]"}}, {"model": "admin.logentry", "pk": 238, "fields": {"action_time": "2018-09-24T13:24:58.932Z", "user": 1, "content_type": 15, "object_id": "4", "object_repr": "Rick Riehle", "action_flag": 2, "change_message": "[{\"changed\": {\"fields\": [\"positions\"]}}]"}}, {"model": "admin.logentry", "pk": 239, "fields": {"action_time": "2018-09-24T13:25:50.310Z", "user": 1, "content_type": 15, "object_id": "6", "object_repr": "Christy Heaton", "action_flag": 1, "change_message": "[{\"added\": {}}]"}}, {"model": "admin.logentry", "pk": 240, "fields": {"action_time": "2018-09-24T13:26:09.547Z", "user": 1, "content_type": 15, "object_id": "5", "object_repr": "Joe Schilz", "action_flag": 2, "change_message": "[{\"changed\": {\"fields\": [\"image\"]}}]"}}, {"model": "admin.logentry", "pk": 241, "fields": {"action_time": "2018-09-24T13:27:14.568Z", "user": 1, "content_type": 15, "object_id": "7", "object_repr": "Steven Hatting", "action_flag": 1, "change_message": "[{\"added\": {}}]"}}, {"model": "admin.logentry", "pk": 242, "fields": {"action_time": "2018-09-24T13:28:33.121Z", "user": 1, "content_type": 15, "object_id": "8", "object_repr": "Randal Root", "action_flag": 1, "change_message": "[{\"added\": {}}]"}}, {"model": "admin.logentry", "pk": 243, "fields": {"action_time": "2018-09-24T13:29:42.114Z", "user": 1, "content_type": 15, "object_id": "9", "object_repr": "Andrea Bowers", "action_flag": 1, "change_message": "[{\"added\": {}}]"}}, {"model": "admin.logentry", "pk": 244, "fields": {"action_time": "2018-09-24T13:29:50.888Z", "user": 1, "content_type": 15, "object_id": "2", "object_repr": "Alex Tokar", "action_flag": 2, "change_message": "[{\"changed\": {\"fields\": [\"educations\"]}}]"}}, {"model": "admin.logentry", "pk": 245, "fields": {"action_time": "2018-09-24T13:31:18.783Z", "user": 1, "content_type": 15, "object_id": "10", "object_repr": "Sarah Massey", "action_flag": 1, "change_message": "[{\"added\": {}}]"}}, {"model": "admin.logentry", "pk": 246, "fields": {"action_time": "2018-09-24T13:32:13.205Z", "user": 1, "content_type": 15, "object_id": "11", "object_repr": "Jeff Shulman", "action_flag": 1, "change_message": "[{\"added\": {}}]"}}, {"model": "admin.logentry", "pk": 247, "fields": {"action_time": "2018-09-24T13:33:19.831Z", "user": 1, "content_type": 15, "object_id": "12", "object_repr": "Thomas Thorpe", "action_flag": 1, "change_message": "[{\"added\": {}}]"}}, {"model": "admin.logentry", "pk": 248, "fields": {"action_time": "2018-09-24T13:34:23.180Z", "user": 1, "content_type": 15, "object_id": "13", "object_repr": "Matt Pressnall", "action_flag": 1, "change_message": "[{\"added\": {}}]"}}, {"model": "admin.logentry", "pk": 249, "fields": {"action_time": "2018-09-24T13:35:22.535Z", "user": 1, "content_type": 15, "object_id": "14", "object_repr": "Melinda Early", "action_flag": 1, "change_message": "[{\"added\": {}}]"}}, {"model": "admin.logentry", "pk": 250, "fields": {"action_time": "2018-09-24T13:36:28.116Z", "user": 1, "content_type": 15, "object_id": "15", "object_repr": "Thomas Mercer", "action_flag": 1, "change_message": "[{\"added\": {}}]"}}, {"model": "admin.logentry", "pk": 251, "fields": {"action_time": "2018-09-24T13:37:29.999Z", "user": 1, "content_type": 15, "object_id": "16", "object_repr": "Chas Holden", "action_flag": 1, "change_message": "[{\"added\": {}}]"}}, {"model": "admin.logentry", "pk": 252, "fields": {"action_time": "2018-09-24T13:38:17.019Z", "user": 1, "content_type": 15, "object_id": "17", "object_repr": "Alant\u00e9 Fields", "action_flag": 1, "change_message": "[{\"added\": {}}]"}}, {"model": "admin.logentry", "pk": 253, "fields": {"action_time": "2018-09-24T13:39:06.101Z", "user": 1, "content_type": 15, "object_id": "18", "object_repr": "Danielle McConnell", "action_flag": 1, "change_message": "[{\"added\": {}}]"}}, {"model": "admin.logentry", "pk": 254, "fields": {"action_time": "2018-09-24T13:39:52.207Z", "user": 1, "content_type": 15, "object_id": "19", "object_repr": "Paul Gibson", "action_flag": 1, "change_message": "[{\"added\": {}}]"}}, {"model": "admin.logentry", "pk": 255, "fields": {"action_time": "2018-09-24T13:40:33.675Z", "user": 1, "content_type": 15, "object_id": "20", "object_repr": "Mick Westrick", "action_flag": 1, "change_message": "[{\"added\": {}}]"}}, {"model": "admin.logentry", "pk": 256, "fields": {"action_time": "2018-09-24T13:41:10.069Z", "user": 1, "content_type": 15, "object_id": "21", "object_repr": "Emily Nichols", "action_flag": 1, "change_message": "[{\"added\": {}}]"}}, {"model": "admin.logentry", "pk": 257, "fields": {"action_time": "2018-09-24T13:42:11.600Z", "user": 1, "content_type": 15, "object_id": "22", "object_repr": "Sean McNeil", "action_flag": 1, "change_message": "[{\"added\": {}}]"}}, {"model": "admin.logentry", "pk": 258, "fields": {"action_time": "2018-09-24T13:42:55.157Z", "user": 1, "content_type": 15, "object_id": "23", "object_repr": "Ed Kromer", "action_flag": 1, "change_message": "[{\"added\": {}}]"}}, {"model": "admin.logentry", "pk": 259, "fields": {"action_time": "2018-09-24T13:43:45.148Z", "user": 1, "content_type": 15, "object_id": "24", "object_repr": "Melissa Falcone", "action_flag": 1, "change_message": "[{\"added\": {}}]"}}, {"model": "admin.logentry", "pk": 260, "fields": {"action_time": "2018-09-24T13:44:29.879Z", "user": 1, "content_type": 15, "object_id": "25", "object_repr": "Samantha Ogle", "action_flag": 1, "change_message": "[{\"added\": {}}]"}}, {"model": "admin.logentry", "pk": 261, "fields": {"action_time": "2018-09-24T13:45:32.753Z", "user": 1, "content_type": 15, "object_id": "26", "object_repr": "Chance Kelch", "action_flag": 1, "change_message": "[{\"added\": {}}]"}}, {"model": "admin.logentry", "pk": 262, "fields": {"action_time": "2018-09-24T13:46:08.568Z", "user": 1, "content_type": 15, "object_id": "27", "object_repr": "Teresa Marks", "action_flag": 1, "change_message": "[{\"added\": {}}]"}}, {"model": "admin.logentry", "pk": 263, "fields": {"action_time": "2018-09-24T13:46:27.173Z", "user": 1, "content_type": 15, "object_id": "21", "object_repr": "Emily Nichols", "action_flag": 2, "change_message": "[{\"changed\": {\"fields\": [\"image\"]}}]"}}, {"model": "admin.logentry", "pk": 264, "fields": {"action_time": "2018-09-24T13:51:20.031Z", "user": 1, "content_type": 15, "object_id": "28", "object_repr": "Anna Marie Golden", "action_flag": 1, "change_message": "[{\"added\": {}}]"}}, {"model": "admin.logentry", "pk": 265, "fields": {"action_time": "2018-09-24T13:52:21.659Z", "user": 1, "content_type": 15, "object_id": "29", "object_repr": "Jennifer Baker", "action_flag": 1, "change_message": "[{\"added\": {}}]"}}, {"model": "admin.logentry", "pk": 266, "fields": {"action_time": "2018-09-24T13:53:09.149Z", "user": 1, "content_type": 15, "object_id": "30", "object_repr": "Dan Buys", "action_flag": 1, "change_message": "[{\"added\": {}}]"}}, {"model": "admin.logentry", "pk": 267, "fields": {"action_time": "2018-09-24T13:53:17.393Z", "user": 1, "content_type": 15, "object_id": "29", "object_repr": "Jennifer Baker", "action_flag": 2, "change_message": "[{\"changed\": {\"fields\": [\"notes\"]}}]"}}, {"model": "admin.logentry", "pk": 268, "fields": {"action_time": "2018-09-24T13:54:19.021Z", "user": 1, "content_type": 15, "object_id": "31", "object_repr": "Charles Kang", "action_flag": 1, "change_message": "[{\"added\": {}}]"}}, {"model": "admin.logentry", "pk": 269, "fields": {"action_time": "2018-09-24T13:56:01.920Z", "user": 1, "content_type": 15, "object_id": "13", "object_repr": "Matt Pressnall", "action_flag": 2, "change_message": "[{\"changed\": {\"fields\": [\"relationship\"]}}]"}}, {"model": "admin.logentry", "pk": 270, "fields": {"action_time": "2018-09-24T15:26:51.678Z", "user": 1, "content_type": 15, "object_id": "1", "object_repr": "LA Smith", "action_flag": 2, "change_message": "[{\"changed\": {\"fields\": [\"relationship\"]}}]"}}, {"model": "admin.logentry", "pk": 271, "fields": {"action_time": "2018-09-25T03:38:33.624Z", "user": 1, "content_type": 16, "object_id": "1", "object_repr": "Software (Web) Development Engineer", "action_flag": 1, "change_message": "[{\"added\": {}}]"}}, {"model": "admin.logentry", "pk": 272, "fields": {"action_time": "2018-09-25T03:41:10.025Z", "user": 1, "content_type": 16, "object_id": "1", "object_repr": "Full-stack experience", "action_flag": 2, "change_message": "[{\"changed\": {\"fields\": [\"title\"]}}]"}}, {"model": "admin.logentry", "pk": 273, "fields": {"action_time": "2018-09-25T03:41:29.683Z", "user": 1, "content_type": 16, "object_id": "1", "object_repr": "Full-stack experience", "action_flag": 2, "change_message": "[{\"changed\": {\"fields\": [\"slug\"]}}]"}}, {"model": "admin.logentry", "pk": 274, "fields": {"action_time": "2018-09-25T03:42:28.951Z", "user": 1, "content_type": 16, "object_id": "1", "object_repr": "Full-stack at big tech", "action_flag": 2, "change_message": "[{\"changed\": {\"fields\": [\"title\", \"slug\"]}}]"}}, {"model": "admin.logentry", "pk": 275, "fields": {"action_time": "2018-09-25T03:43:27.843Z", "user": 1, "content_type": 16, "object_id": "2", "object_repr": "Teams management at big tech", "action_flag": 1, "change_message": "[{\"added\": {}}]"}}, {"model": "admin.logentry", "pk": 276, "fields": {"action_time": "2018-09-25T03:44:27.219Z", "user": 1, "content_type": 16, "object_id": "3", "object_repr": "Teams management at big tech", "action_flag": 1, "change_message": "[{\"added\": {}}]"}}, {"model": "admin.logentry", "pk": 277, "fields": {"action_time": "2018-09-25T12:13:33.420Z", "user": 1, "content_type": 8, "object_id": "14", "object_repr": "UW Foster Hosting Migration", "action_flag": 1, "change_message": "[{\"added\": {}}]"}}, {"model": "admin.logentry", "pk": 278, "fields": {"action_time": "2018-09-26T13:50:08.166Z", "user": 1, "content_type": 16, "object_id": "1", "object_repr": "Full-stack at big tech", "action_flag": 2, "change_message": "[{\"changed\": {\"fields\": [\"text\"]}}]"}}, {"model": "admin.logentry", "pk": 279, "fields": {"action_time": "2018-09-27T20:46:35.991Z", "user": 1, "content_type": 12, "object_id": "5", "object_repr": "UI Developer", "action_flag": 2, "change_message": "[{\"changed\": {\"fields\": [\"logo\", \"tags\"]}}]"}}, {"model": "admin.logentry", "pk": 280, "fields": {"action_time": "2018-09-27T20:46:46.418Z", "user": 1, "content_type": 12, "object_id": "4", "object_repr": "Python Teaching Assistant", "action_flag": 2, "change_message": "[{\"changed\": {\"fields\": [\"logo\", \"tags\"]}}]"}}, {"model": "admin.logentry", "pk": 281, "fields": {"action_time": "2018-09-27T20:46:55.485Z", "user": 1, "content_type": 12, "object_id": "3", "object_repr": "Web Application Developer", "action_flag": 2, "change_message": "[{\"changed\": {\"fields\": [\"logo\", \"tags\"]}}]"}}, {"model": "admin.logentry", "pk": 282, "fields": {"action_time": "2018-09-27T20:47:07.015Z", "user": 1, "content_type": 12, "object_id": "2", "object_repr": "Founder", "action_flag": 2, "change_message": "[{\"changed\": {\"fields\": [\"logo\", \"tags\"]}}]"}}, {"model": "admin.logentry", "pk": 283, "fields": {"action_time": "2018-09-27T20:47:15.787Z", "user": 1, "content_type": 12, "object_id": "1", "object_repr": "Web Developer", "action_flag": 2, "change_message": "[{\"changed\": {\"fields\": [\"logo\", \"tags\"]}}]"}}, {"model": "admin.logentry", "pk": 284, "fields": {"action_time": "2018-09-27T20:52:34.606Z", "user": 1, "content_type": 12, "object_id": "3", "object_repr": "Web Application Developer", "action_flag": 2, "change_message": "[{\"changed\": {\"fields\": [\"logo\", \"tags\"]}}]"}}, {"model": "admin.logentry", "pk": 285, "fields": {"action_time": "2018-09-28T00:43:59.140Z", "user": 1, "content_type": 12, "object_id": "5", "object_repr": "UI Developer", "action_flag": 2, "change_message": "[{\"changed\": {\"fields\": [\"location\", \"tags\"]}}]"}}, {"model": "admin.logentry", "pk": 286, "fields": {"action_time": "2018-09-28T00:44:06.721Z", "user": 1, "content_type": 12, "object_id": "4", "object_repr": "Python Teaching Assistant", "action_flag": 2, "change_message": "[{\"changed\": {\"fields\": [\"location\", \"tags\"]}}]"}}, {"model": "admin.logentry", "pk": 287, "fields": {"action_time": "2018-09-28T00:44:19.168Z", "user": 1, "content_type": 12, "object_id": "3", "object_repr": "Web Application Developer", "action_flag": 2, "change_message": "[{\"changed\": {\"fields\": [\"location\", \"tags\"]}}]"}}, {"model": "admin.logentry", "pk": 288, "fields": {"action_time": "2018-09-28T00:44:25.307Z", "user": 1, "content_type": 12, "object_id": "2", "object_repr": "Founder", "action_flag": 2, "change_message": "[{\"changed\": {\"fields\": [\"location\", \"tags\"]}}]"}}, {"model": "admin.logentry", "pk": 289, "fields": {"action_time": "2018-09-28T00:44:35.143Z", "user": 1, "content_type": 12, "object_id": "1", "object_repr": "Web Developer", "action_flag": 2, "change_message": "[{\"changed\": {\"fields\": [\"location\", \"tags\"]}}]"}}, {"model": "admin.logentry", "pk": 290, "fields": {"action_time": "2018-09-28T00:56:26.587Z", "user": 1, "content_type": 16, "object_id": "3", "object_repr": "Teams Management @ Big Tech", "action_flag": 2, "change_message": "[{\"changed\": {\"fields\": [\"title\"]}}]"}}, {"model": "admin.logentry", "pk": 291, "fields": {"action_time": "2018-09-28T00:56:40.601Z", "user": 1, "content_type": 16, "object_id": "2", "object_repr": "Teams Management @ Big Tech", "action_flag": 2, "change_message": "[{\"changed\": {\"fields\": [\"title\"]}}]"}}, {"model": "admin.logentry", "pk": 292, "fields": {"action_time": "2018-09-28T00:56:50.277Z", "user": 1, "content_type": 16, "object_id": "1", "object_repr": "Full-stack @ Big Tech", "action_flag": 2, "change_message": "[{\"changed\": {\"fields\": [\"title\"]}}]"}}, {"model": "admin.logentry", "pk": 293, "fields": {"action_time": "2018-09-28T01:09:55.662Z", "user": 1, "content_type": 15, "object_id": "1", "object_repr": "LA Smith", "action_flag": 2, "change_message": "[{\"changed\": {\"fields\": [\"text\"]}}]"}}, {"model": "admin.logentry", "pk": 294, "fields": {"action_time": "2018-09-28T01:48:24.397Z", "user": 1, "content_type": 12, "object_id": "7", "object_repr": "Native English Teacher", "action_flag": 2, "change_message": "[{\"changed\": {\"fields\": [\"logo\", \"tags\"]}}]"}}, {"model": "admin.logentry", "pk": 295, "fields": {"action_time": "2018-09-28T01:54:36.967Z", "user": 1, "content_type": 12, "object_id": "6", "object_repr": "Web & Graphic Designer", "action_flag": 2, "change_message": "[{\"changed\": {\"fields\": [\"logo\", \"tags\"]}}]"}}, {"model": "admin.logentry", "pk": 296, "fields": {"action_time": "2018-09-28T02:48:23.419Z", "user": 1, "content_type": 13, "object_id": "1", "object_repr": "Certificate in Python Programming", "action_flag": 2, "change_message": "[{\"changed\": {\"fields\": [\"text\", \"tags\"]}}]"}}, {"model": "admin.logentry", "pk": 297, "fields": {"action_time": "2018-09-28T02:51:33.324Z", "user": 1, "content_type": 13, "object_id": "1", "object_repr": "Certificate in Python Programming", "action_flag": 2, "change_message": "[{\"changed\": {\"fields\": [\"text\", \"tags\"]}}]"}}, {"model": "admin.logentry", "pk": 298, "fields": {"action_time": "2018-09-28T02:53:16.417Z", "user": 1, "content_type": 13, "object_id": "1", "object_repr": "Certificate in Python Programming", "action_flag": 2, "change_message": "[{\"changed\": {\"fields\": [\"text\", \"tags\"]}}]"}}, {"model": "admin.logentry", "pk": 299, "fields": {"action_time": "2018-09-28T02:53:43.226Z", "user": 1, "content_type": 13, "object_id": "1", "object_repr": "Certificate in Python Programming", "action_flag": 2, "change_message": "[{\"changed\": {\"fields\": [\"text\", \"tags\"]}}]"}}, {"model": "admin.logentry", "pk": 300, "fields": {"action_time": "2018-09-28T03:22:30.190Z", "user": 1, "content_type": 13, "object_id": "1", "object_repr": "Certificate in Python Programming", "action_flag": 2, "change_message": "[{\"changed\": {\"fields\": [\"text\", \"tags\"]}}]"}}, {"model": "admin.logentry", "pk": 301, "fields": {"action_time": "2018-09-28T03:25:12.771Z", "user": 1, "content_type": 13, "object_id": "1", "object_repr": "Certificate in Python Programming", "action_flag": 2, "change_message": "[{\"changed\": {\"fields\": [\"text\", \"tags\"]}}]"}}, {"model": "admin.logentry", "pk": 302, "fields": {"action_time": "2018-09-28T03:27:08.531Z", "user": 1, "content_type": 13, "object_id": "1", "object_repr": "Certificate in Python Programming", "action_flag": 2, "change_message": "[{\"changed\": {\"fields\": [\"text\", \"tags\"]}}]"}}, {"model": "admin.logentry", "pk": 303, "fields": {"action_time": "2018-09-28T03:27:54.693Z", "user": 1, "content_type": 13, "object_id": "1", "object_repr": "Certificate in Python Programming", "action_flag": 2, "change_message": "[{\"changed\": {\"fields\": [\"text\", \"tags\"]}}]"}}, {"model": "admin.logentry", "pk": 304, "fields": {"action_time": "2018-09-28T03:42:42.867Z", "user": 1, "content_type": 13, "object_id": "1", "object_repr": "Certificate in Python Programming", "action_flag": 2, "change_message": "[{\"changed\": {\"fields\": [\"text\", \"tags\"]}}]"}}, {"model": "admin.logentry", "pk": 305, "fields": {"action_time": "2018-09-28T03:43:26.292Z", "user": 1, "content_type": 13, "object_id": "1", "object_repr": "Certificate in Python Programming", "action_flag": 2, "change_message": "[{\"changed\": {\"fields\": [\"text\", \"tags\"]}}]"}}, {"model": "admin.logentry", "pk": 306, "fields": {"action_time": "2018-09-28T12:30:49.214Z", "user": 1, "content_type": 13, "object_id": "1", "object_repr": "Certificate in Python Programming", "action_flag": 2, "change_message": "[{\"changed\": {\"fields\": [\"text\", \"tags\"]}}]"}}, {"model": "admin.logentry", "pk": 307, "fields": {"action_time": "2018-09-28T12:32:59.254Z", "user": 1, "content_type": 13, "object_id": "1", "object_repr": "Certificate in Python Programming", "action_flag": 2, "change_message": "[{\"changed\": {\"fields\": [\"text\", \"tags\"]}}]"}}, {"model": "admin.logentry", "pk": 308, "fields": {"action_time": "2018-09-28T12:34:54.703Z", "user": 1, "content_type": 13, "object_id": "1", "object_repr": "Certificate in Python Programming", "action_flag": 2, "change_message": "[{\"changed\": {\"fields\": [\"text\", \"tags\"]}}]"}}, {"model": "admin.logentry", "pk": 309, "fields": {"action_time": "2018-09-28T12:36:46.448Z", "user": 1, "content_type": 8, "object_id": "2", "object_repr": "HappyNet", "action_flag": 2, "change_message": "[{\"changed\": {\"fields\": [\"text\", \"tags\"]}}]"}}, {"model": "admin.logentry", "pk": 310, "fields": {"action_time": "2018-09-28T12:37:47.877Z", "user": 1, "content_type": 8, "object_id": "4", "object_repr": "Phrasebook Quiz", "action_flag": 2, "change_message": "[{\"changed\": {\"fields\": [\"text\", \"tags\"]}}]"}}, {"model": "admin.logentry", "pk": 311, "fields": {"action_time": "2018-09-28T12:38:17.402Z", "user": 1, "content_type": 13, "object_id": "1", "object_repr": "Certificate in Python Programming", "action_flag": 2, "change_message": "[{\"changed\": {\"fields\": [\"text\", \"tags\"]}}]"}}, {"model": "admin.logentry", "pk": 312, "fields": {"action_time": "2018-09-28T12:38:42.284Z", "user": 1, "content_type": 8, "object_id": "10", "object_repr": "Mailroom", "action_flag": 2, "change_message": "[{\"changed\": {\"fields\": [\"text\", \"tags\"]}}]"}}, {"model": "admin.logentry", "pk": 313, "fields": {"action_time": "2018-09-28T12:42:42.100Z", "user": 1, "content_type": 8, "object_id": "10", "object_repr": "Mailroom", "action_flag": 2, "change_message": "[{\"changed\": {\"fields\": [\"image\", \"tags\"]}}]"}}, {"model": "admin.logentry", "pk": 314, "fields": {"action_time": "2018-09-28T12:42:56.596Z", "user": 1, "content_type": 8, "object_id": "4", "object_repr": "Phrasebook Quiz", "action_flag": 2, "change_message": "[{\"changed\": {\"fields\": [\"image\", \"tags\"]}}]"}}, {"model": "admin.logentry", "pk": 315, "fields": {"action_time": "2018-09-28T12:48:28.107Z", "user": 1, "content_type": 8, "object_id": "3", "object_repr": "NNRG Wood Search", "action_flag": 2, "change_message": "[{\"changed\": {\"fields\": [\"image\", \"tags\"]}}]"}}, {"model": "admin.logentry", "pk": 316, "fields": {"action_time": "2018-09-28T13:10:20.273Z", "user": 1, "content_type": 8, "object_id": "4", "object_repr": "Phrasebook Quiz", "action_flag": 2, "change_message": "[{\"changed\": {\"fields\": [\"text\", \"tags\"]}}]"}}, {"model": "admin.logentry", "pk": 317, "fields": {"action_time": "2018-09-28T13:10:40.599Z", "user": 1, "content_type": 13, "object_id": "1", "object_repr": "Certificate in Python Programming", "action_flag": 2, "change_message": "[{\"changed\": {\"fields\": [\"text\", \"tags\"]}}]"}}, {"model": "admin.logentry", "pk": 318, "fields": {"action_time": "2018-09-28T13:10:55.583Z", "user": 1, "content_type": 8, "object_id": "4", "object_repr": "Phrasebook Quiz", "action_flag": 2, "change_message": "[{\"changed\": {\"fields\": [\"text\", \"tags\"]}}]"}}, {"model": "admin.logentry", "pk": 319, "fields": {"action_time": "2018-09-29T14:24:33.668Z", "user": 1, "content_type": 8, "object_id": "1", "object_repr": "UW Foster Retheme", "action_flag": 2, "change_message": "[{\"changed\": {\"fields\": [\"text\", \"tags\"]}}]"}}, {"model": "admin.logentry", "pk": 320, "fields": {"action_time": "2018-09-29T14:38:47.613Z", "user": 1, "content_type": 8, "object_id": "1", "object_repr": "UW Foster Retheme", "action_flag": 2, "change_message": "[{\"changed\": {\"fields\": [\"text\", \"tags\"]}}]"}}, {"model": "admin.logentry", "pk": 321, "fields": {"action_time": "2018-09-29T14:44:57.322Z", "user": 1, "content_type": 8, "object_id": "1", "object_repr": "UW Foster Retheme", "action_flag": 2, "change_message": "[{\"changed\": {\"fields\": [\"tags\"]}}]"}}, {"model": "admin.logentry", "pk": 322, "fields": {"action_time": "2018-09-29T14:47:19.476Z", "user": 1, "content_type": 8, "object_id": "1", "object_repr": "UW Foster Retheme", "action_flag": 2, "change_message": "[{\"changed\": {\"fields\": [\"text\", \"tags\"]}}]"}}, {"model": "admin.logentry", "pk": 323, "fields": {"action_time": "2018-09-29T14:54:22.273Z", "user": 1, "content_type": 8, "object_id": "1", "object_repr": "UW Foster Retheme", "action_flag": 2, "change_message": "[{\"changed\": {\"fields\": [\"text\", \"tags\"]}}]"}}, {"model": "admin.logentry", "pk": 324, "fields": {"action_time": "2018-09-29T15:43:08.342Z", "user": 1, "content_type": 8, "object_id": "1", "object_repr": "UW Foster Retheme", "action_flag": 2, "change_message": "[{\"changed\": {\"fields\": [\"text\", \"tags\"]}}]"}}, {"model": "admin.logentry", "pk": 325, "fields": {"action_time": "2018-09-29T15:45:23.395Z", "user": 1, "content_type": 8, "object_id": "1", "object_repr": "UW Foster Retheme", "action_flag": 2, "change_message": "[{\"changed\": {\"fields\": [\"text\", \"tags\"]}}]"}}, {"model": "admin.logentry", "pk": 326, "fields": {"action_time": "2018-09-29T15:46:52.796Z", "user": 1, "content_type": 8, "object_id": "1", "object_repr": "UW Foster Retheme", "action_flag": 2, "change_message": "[{\"changed\": {\"fields\": [\"text\", \"tags\"]}}]"}}, {"model": "admin.logentry", "pk": 327, "fields": {"action_time": "2018-09-29T15:47:58.156Z", "user": 1, "content_type": 8, "object_id": "1", "object_repr": "UW Foster Retheme", "action_flag": 2, "change_message": "[{\"changed\": {\"fields\": [\"text\", \"tags\"]}}]"}}, {"model": "admin.logentry", "pk": 328, "fields": {"action_time": "2018-09-29T15:49:40.438Z", "user": 1, "content_type": 8, "object_id": "1", "object_repr": "UW Foster Retheme", "action_flag": 2, "change_message": "[{\"changed\": {\"fields\": [\"text\", \"tags\"]}}]"}}, {"model": "admin.logentry", "pk": 329, "fields": {"action_time": "2018-09-29T15:51:06.366Z", "user": 1, "content_type": 8, "object_id": "1", "object_repr": "UW Foster Retheme", "action_flag": 2, "change_message": "[{\"changed\": {\"fields\": [\"tags\"]}}]"}}, {"model": "admin.logentry", "pk": 330, "fields": {"action_time": "2018-09-29T20:02:19.863Z", "user": 1, "content_type": 7, "object_id": "12", "object_repr": "Contrasting SLU", "action_flag": 2, "change_message": "[{\"changed\": {\"fields\": [\"published\", \"tags\"]}}]"}}, {"model": "admin.logentry", "pk": 331, "fields": {"action_time": "2018-09-29T20:06:55.099Z", "user": 1, "content_type": 7, "object_id": "10", "object_repr": "Bitching \u2260 Solution", "action_flag": 2, "change_message": "[{\"changed\": {\"fields\": [\"published_date\", \"tags\"]}}]"}}, {"model": "admin.logentry", "pk": 332, "fields": {"action_time": "2018-09-29T20:15:30.898Z", "user": 1, "content_type": 15, "object_id": "1", "object_repr": "LA Smith", "action_flag": 2, "change_message": "[{\"changed\": {\"fields\": [\"published\"]}}]"}}, {"model": "admin.logentry", "pk": 333, "fields": {"action_time": "2018-09-29T20:15:43.215Z", "user": 1, "content_type": 15, "object_id": "31", "object_repr": "Charles Kang", "action_flag": 2, "change_message": "[{\"changed\": {\"fields\": [\"published\"]}}]"}}, {"model": "admin.logentry", "pk": 334, "fields": {"action_time": "2018-09-29T20:19:49.647Z", "user": 1, "content_type": 7, "object_id": "5", "object_repr": "Everyday Dependencies", "action_flag": 2, "change_message": "[{\"changed\": {\"fields\": [\"published\", \"tags\"]}}]"}}, {"model": "admin.logentry", "pk": 335, "fields": {"action_time": "2018-09-29T20:19:54.978Z", "user": 1, "content_type": 7, "object_id": "4", "object_repr": "Hot Potatoes & Bus Factors", "action_flag": 2, "change_message": "[{\"changed\": {\"fields\": [\"published\", \"tags\"]}}]"}}, {"model": "admin.logentry", "pk": 336, "fields": {"action_time": "2018-09-29T20:20:16.112Z", "user": 1, "content_type": 7, "object_id": "9", "object_repr": "Be Shameless", "action_flag": 2, "change_message": "[{\"changed\": {\"fields\": [\"published\", \"tags\"]}}]"}}, {"model": "admin.logentry", "pk": 337, "fields": {"action_time": "2018-09-29T20:22:58.023Z", "user": 1, "content_type": 8, "object_id": "4", "object_repr": "Phrasebook Quiz", "action_flag": 2, "change_message": "[{\"changed\": {\"fields\": [\"published\", \"tags\"]}}]"}}, {"model": "admin.logentry", "pk": 338, "fields": {"action_time": "2018-09-29T20:23:09.878Z", "user": 1, "content_type": 8, "object_id": "2", "object_repr": "HappyNet", "action_flag": 2, "change_message": "[{\"changed\": {\"fields\": [\"published\", \"tags\"]}}]"}}, {"model": "admin.logentry", "pk": 339, "fields": {"action_time": "2018-09-29T20:23:14.546Z", "user": 1, "content_type": 8, "object_id": "1", "object_repr": "UW Foster Retheme", "action_flag": 2, "change_message": "[{\"changed\": {\"fields\": [\"published\", \"tags\"]}}]"}}, {"model": "admin.logentry", "pk": 340, "fields": {"action_time": "2018-09-30T20:59:15.750Z", "user": 1, "content_type": 8, "object_id": "1", "object_repr": "UW Foster Retheme", "action_flag": 2, "change_message": "[{\"changed\": {\"fields\": [\"text\", \"tags\"]}}]"}}, {"model": "admin.logentry", "pk": 341, "fields": {"action_time": "2018-09-30T20:59:41.770Z", "user": 1, "content_type": 8, "object_id": "1", "object_repr": "UW Foster Retheme", "action_flag": 2, "change_message": "[{\"changed\": {\"fields\": [\"text\", \"tags\"]}}]"}}, {"model": "admin.logentry", "pk": 342, "fields": {"action_time": "2018-09-30T21:10:41.080Z", "user": 1, "content_type": 8, "object_id": "1", "object_repr": "UW Foster Retheme", "action_flag": 2, "change_message": "[{\"changed\": {\"fields\": [\"text\", \"tags\"]}}]"}}, {"model": "admin.logentry", "pk": 343, "fields": {"action_time": "2018-09-30T21:11:14.755Z", "user": 1, "content_type": 8, "object_id": "1", "object_repr": "UW Foster Retheme", "action_flag": 2, "change_message": "[{\"changed\": {\"fields\": [\"text\", \"tags\"]}}]"}}, {"model": "admin.logentry", "pk": 344, "fields": {"action_time": "2018-09-30T21:12:13.655Z", "user": 1, "content_type": 8, "object_id": "1", "object_repr": "UW Foster Retheme", "action_flag": 2, "change_message": "[{\"changed\": {\"fields\": [\"text\", \"tags\"]}}]"}}, {"model": "admin.logentry", "pk": 345, "fields": {"action_time": "2018-09-30T21:14:13.480Z", "user": 1, "content_type": 8, "object_id": "1", "object_repr": "UW Foster Retheme", "action_flag": 2, "change_message": "[{\"changed\": {\"fields\": [\"text\", \"tags\"]}}]"}}, {"model": "admin.logentry", "pk": 346, "fields": {"action_time": "2018-09-30T21:14:36.566Z", "user": 1, "content_type": 8, "object_id": "1", "object_repr": "UW Foster Retheme", "action_flag": 2, "change_message": "[{\"changed\": {\"fields\": [\"text\", \"tags\"]}}]"}}, {"model": "admin.logentry", "pk": 347, "fields": {"action_time": "2018-09-30T21:21:26.873Z", "user": 1, "content_type": 8, "object_id": "1", "object_repr": "UW Foster Retheme", "action_flag": 2, "change_message": "[{\"changed\": {\"fields\": [\"text\", \"tags\"]}}]"}}, {"model": "admin.logentry", "pk": 348, "fields": {"action_time": "2018-09-30T21:21:57.715Z", "user": 1, "content_type": 8, "object_id": "1", "object_repr": "UW Foster Retheme", "action_flag": 2, "change_message": "[{\"changed\": {\"fields\": [\"text\", \"tags\"]}}]"}}, {"model": "admin.logentry", "pk": 349, "fields": {"action_time": "2018-09-30T21:23:44.296Z", "user": 1, "content_type": 8, "object_id": "1", "object_repr": "UW Foster Retheme", "action_flag": 2, "change_message": "[{\"changed\": {\"fields\": [\"text\", \"tags\"]}}]"}}, {"model": "admin.logentry", "pk": 350, "fields": {"action_time": "2018-09-30T21:34:56.231Z", "user": 1, "content_type": 8, "object_id": "1", "object_repr": "UW Foster Retheme", "action_flag": 2, "change_message": "[{\"changed\": {\"fields\": [\"text\", \"tags\"]}}]"}}, {"model": "admin.logentry", "pk": 351, "fields": {"action_time": "2018-09-30T21:35:24.502Z", "user": 1, "content_type": 8, "object_id": "1", "object_repr": "UW Foster Retheme", "action_flag": 2, "change_message": "[{\"changed\": {\"fields\": [\"text\", \"tags\"]}}]"}}, {"model": "admin.logentry", "pk": 352, "fields": {"action_time": "2018-09-30T21:37:12.837Z", "user": 1, "content_type": 8, "object_id": "1", "object_repr": "UW Foster Retheme", "action_flag": 2, "change_message": "[{\"changed\": {\"fields\": [\"text\", \"tags\"]}}]"}}, {"model": "admin.logentry", "pk": 353, "fields": {"action_time": "2018-09-30T21:38:06.210Z", "user": 1, "content_type": 8, "object_id": "1", "object_repr": "UW Foster Retheme", "action_flag": 2, "change_message": "[{\"changed\": {\"fields\": [\"text\", \"tags\"]}}]"}}, {"model": "admin.logentry", "pk": 354, "fields": {"action_time": "2018-10-02T11:32:45.980Z", "user": 1, "content_type": 8, "object_id": "3", "object_repr": "NNRG Wood Search", "action_flag": 2, "change_message": "[{\"changed\": {\"fields\": [\"published\", \"tags\"]}}]"}}, {"model": "admin.logentry", "pk": 355, "fields": {"action_time": "2018-10-02T11:34:13.273Z", "user": 1, "content_type": 8, "object_id": "3", "object_repr": "NNRG Wood Search", "action_flag": 2, "change_message": "[{\"changed\": {\"fields\": [\"text\", \"tags\"]}}]"}}, {"model": "admin.logentry", "pk": 356, "fields": {"action_time": "2018-10-02T11:42:57.709Z", "user": 1, "content_type": 8, "object_id": "3", "object_repr": "NNRG Wood Search", "action_flag": 2, "change_message": "[{\"changed\": {\"fields\": [\"text\", \"tags\"]}}]"}}, {"model": "admin.logentry", "pk": 357, "fields": {"action_time": "2018-10-02T11:45:24.903Z", "user": 1, "content_type": 8, "object_id": "5", "object_repr": "LegendaryOctoSniffle", "action_flag": 2, "change_message": "[{\"changed\": {\"fields\": [\"text\", \"tags\"]}}]"}}, {"model": "admin.logentry", "pk": 358, "fields": {"action_time": "2018-10-02T12:01:48.649Z", "user": 1, "content_type": 8, "object_id": "5", "object_repr": "LegendaryOctoSniffle", "action_flag": 2, "change_message": "[{\"changed\": {\"fields\": [\"text\", \"image\", \"tags\"]}}]"}}, {"model": "admin.logentry", "pk": 359, "fields": {"action_time": "2018-10-02T12:03:42.090Z", "user": 1, "content_type": 8, "object_id": "5", "object_repr": "LegendaryOctoSniffle", "action_flag": 2, "change_message": "[{\"changed\": {\"fields\": [\"text\", \"tags\"]}}]"}}, {"model": "admin.logentry", "pk": 360, "fields": {"action_time": "2018-10-02T12:03:50.884Z", "user": 1, "content_type": 8, "object_id": "5", "object_repr": "LegendaryOctoSniffle", "action_flag": 2, "change_message": "[{\"changed\": {\"fields\": [\"published\", \"tags\"]}}]"}}, {"model": "admin.logentry", "pk": 361, "fields": {"action_time": "2018-10-02T12:07:00.918Z", "user": 1, "content_type": 8, "object_id": "5", "object_repr": "LegendaryOctoSniffle", "action_flag": 2, "change_message": "[{\"changed\": {\"fields\": [\"text\", \"tags\"]}}]"}}, {"model": "admin.logentry", "pk": 362, "fields": {"action_time": "2018-10-02T12:09:33.665Z", "user": 1, "content_type": 8, "object_id": "5", "object_repr": "LegendaryOctoSniffle", "action_flag": 2, "change_message": "[{\"changed\": {\"fields\": [\"text\", \"tags\"]}}]"}}, {"model": "admin.logentry", "pk": 363, "fields": {"action_time": "2018-10-02T12:10:01.429Z", "user": 1, "content_type": 8, "object_id": "5", "object_repr": "LegendaryOctoSniffle", "action_flag": 2, "change_message": "[{\"changed\": {\"fields\": [\"text\", \"tags\"]}}]"}}, {"model": "admin.logentry", "pk": 364, "fields": {"action_time": "2018-10-02T12:15:06.040Z", "user": 1, "content_type": 8, "object_id": "7", "object_repr": "MBA Rankings Calculator", "action_flag": 2, "change_message": "[{\"changed\": {\"fields\": [\"published\", \"image\", \"tags\"]}}]"}}, {"model": "admin.logentry", "pk": 365, "fields": {"action_time": "2018-10-02T12:20:44.312Z", "user": 1, "content_type": 8, "object_id": "7", "object_repr": "MBA Rankings Calculator", "action_flag": 2, "change_message": "[{\"changed\": {\"fields\": [\"text\", \"tags\"]}}]"}}, {"model": "admin.logentry", "pk": 366, "fields": {"action_time": "2018-10-02T12:22:09.617Z", "user": 1, "content_type": 8, "object_id": "10", "object_repr": "Mailroom", "action_flag": 2, "change_message": "[{\"changed\": {\"fields\": [\"published\", \"tags\"]}}]"}}, {"model": "admin.logentry", "pk": 367, "fields": {"action_time": "2018-10-02T14:51:51.448Z", "user": 1, "content_type": 8, "object_id": "7", "object_repr": "MBA Rankings Calculator", "action_flag": 2, "change_message": "[{\"changed\": {\"fields\": [\"text\", \"tags\"]}}]"}}, {"model": "admin.logentry", "pk": 368, "fields": {"action_time": "2018-10-02T14:52:13.184Z", "user": 1, "content_type": 8, "object_id": "7", "object_repr": "MBA Rankings Calculator", "action_flag": 2, "change_message": "[{\"changed\": {\"fields\": [\"text\", \"tags\"]}}]"}}, {"model": "admin.logentry", "pk": 369, "fields": {"action_time": "2018-10-02T14:54:13.323Z", "user": 1, "content_type": 8, "object_id": "7", "object_repr": "MBA Rankings Calculator", "action_flag": 2, "change_message": "[{\"changed\": {\"fields\": [\"text\", \"tags\"]}}]"}}, {"model": "admin.logentry", "pk": 370, "fields": {"action_time": "2018-10-02T14:58:01.932Z", "user": 1, "content_type": 8, "object_id": "1", "object_repr": "UW Foster Retheme", "action_flag": 2, "change_message": "[{\"changed\": {\"fields\": [\"text\", \"tags\"]}}]"}}, {"model": "admin.logentry", "pk": 371, "fields": {"action_time": "2018-10-02T14:58:14.756Z", "user": 1, "content_type": 8, "object_id": "1", "object_repr": "UW Foster Retheme", "action_flag": 2, "change_message": "[{\"changed\": {\"fields\": [\"tags\"]}}]"}}, {"model": "admin.logentry", "pk": 372, "fields": {"action_time": "2018-10-02T14:59:03.111Z", "user": 1, "content_type": 8, "object_id": "7", "object_repr": "MBA Rankings Calculator", "action_flag": 2, "change_message": "[{\"changed\": {\"fields\": [\"text\", \"tags\"]}}]"}}, {"model": "admin.logentry", "pk": 373, "fields": {"action_time": "2018-10-02T14:59:26.974Z", "user": 1, "content_type": 8, "object_id": "1", "object_repr": "UW Foster Retheme", "action_flag": 2, "change_message": "[{\"changed\": {\"fields\": [\"text\", \"tags\"]}}]"}}, {"model": "admin.logentry", "pk": 374, "fields": {"action_time": "2018-10-02T15:00:17.784Z", "user": 1, "content_type": 8, "object_id": "7", "object_repr": "MBA Rankings Calculator", "action_flag": 2, "change_message": "[{\"changed\": {\"fields\": [\"text\", \"tags\"]}}]"}}, {"model": "admin.logentry", "pk": 375, "fields": {"action_time": "2018-10-02T15:02:03.859Z", "user": 1, "content_type": 8, "object_id": "7", "object_repr": "MBA Rankings Calculator", "action_flag": 2, "change_message": "[{\"changed\": {\"fields\": [\"text\", \"tags\"]}}]"}}, {"model": "admin.logentry", "pk": 376, "fields": {"action_time": "2018-10-03T03:04:32.121Z", "user": 1, "content_type": 15, "object_id": "2", "object_repr": "Alex Tokar", "action_flag": 2, "change_message": "[{\"changed\": {\"fields\": [\"published\"]}}]"}}, {"model": "admin.logentry", "pk": 377, "fields": {"action_time": "2018-10-03T03:04:44.430Z", "user": 1, "content_type": 15, "object_id": "8", "object_repr": "Randal Root", "action_flag": 2, "change_message": "[{\"changed\": {\"fields\": [\"published\"]}}]"}}, {"model": "admin.logentry", "pk": 378, "fields": {"action_time": "2018-10-03T03:11:28.977Z", "user": 1, "content_type": 15, "object_id": "4", "object_repr": "Rick Riehle", "action_flag": 2, "change_message": "[{\"changed\": {\"fields\": [\"published\"]}}]"}}, {"model": "admin.logentry", "pk": 379, "fields": {"action_time": "2018-10-03T03:13:17.640Z", "user": 1, "content_type": 15, "object_id": "5", "object_repr": "Joe Schilz", "action_flag": 2, "change_message": "[{\"changed\": {\"fields\": [\"published\"]}}]"}}, {"model": "admin.logentry", "pk": 380, "fields": {"action_time": "2018-10-03T03:13:23.288Z", "user": 1, "content_type": 15, "object_id": "6", "object_repr": "Christy Heaton", "action_flag": 2, "change_message": "[{\"changed\": {\"fields\": [\"published\"]}}]"}}, {"model": "admin.logentry", "pk": 381, "fields": {"action_time": "2018-10-03T03:13:30.790Z", "user": 1, "content_type": 15, "object_id": "13", "object_repr": "Matt Pressnall", "action_flag": 2, "change_message": "[{\"changed\": {\"fields\": [\"published\"]}}]"}}, {"model": "admin.logentry", "pk": 382, "fields": {"action_time": "2018-10-03T03:13:37.157Z", "user": 1, "content_type": 15, "object_id": "15", "object_repr": "Thomas Mercer", "action_flag": 2, "change_message": "[{\"changed\": {\"fields\": [\"published\"]}}]"}}, {"model": "admin.logentry", "pk": 383, "fields": {"action_time": "2018-10-03T03:13:44.180Z", "user": 1, "content_type": 15, "object_id": "20", "object_repr": "Mick Westrick", "action_flag": 2, "change_message": "[{\"changed\": {\"fields\": [\"published\"]}}]"}}, {"model": "admin.logentry", "pk": 384, "fields": {"action_time": "2018-10-03T03:13:57.619Z", "user": 1, "content_type": 15, "object_id": "26", "object_repr": "Chance Kelch", "action_flag": 2, "change_message": "[{\"changed\": {\"fields\": [\"published\"]}}]"}}, {"model": "admin.logentry", "pk": 385, "fields": {"action_time": "2018-10-03T03:23:36.642Z", "user": 1, "content_type": 15, "object_id": "30", "object_repr": "Dan Buys", "action_flag": 2, "change_message": "[{\"changed\": {\"fields\": [\"published\"]}}]"}}, {"model": "admin.logentry", "pk": 386, "fields": {"action_time": "2018-10-03T03:23:42.603Z", "user": 1, "content_type": 15, "object_id": "29", "object_repr": "Jennifer Baker", "action_flag": 2, "change_message": "[{\"changed\": {\"fields\": [\"published\"]}}]"}}, {"model": "admin.logentry", "pk": 387, "fields": {"action_time": "2018-10-03T03:23:49.254Z", "user": 1, "content_type": 15, "object_id": "28", "object_repr": "Anna Marie Golden", "action_flag": 2, "change_message": "[{\"changed\": {\"fields\": [\"published\"]}}]"}}, {"model": "admin.logentry", "pk": 388, "fields": {"action_time": "2018-10-03T03:23:55.226Z", "user": 1, "content_type": 15, "object_id": "27", "object_repr": "Teresa Marks", "action_flag": 2, "change_message": "[{\"changed\": {\"fields\": [\"published\"]}}]"}}, {"model": "admin.logentry", "pk": 389, "fields": {"action_time": "2018-10-03T03:24:02.070Z", "user": 1, "content_type": 15, "object_id": "25", "object_repr": "Samantha Ogle", "action_flag": 2, "change_message": "[{\"changed\": {\"fields\": [\"published\"]}}]"}}, {"model": "admin.logentry", "pk": 390, "fields": {"action_time": "2018-10-03T03:24:09.096Z", "user": 1, "content_type": 15, "object_id": "24", "object_repr": "Melissa Falcone", "action_flag": 2, "change_message": "[{\"changed\": {\"fields\": [\"published\"]}}]"}}, {"model": "admin.logentry", "pk": 391, "fields": {"action_time": "2018-10-03T03:24:16.722Z", "user": 1, "content_type": 15, "object_id": "23", "object_repr": "Ed Kromer", "action_flag": 2, "change_message": "[{\"changed\": {\"fields\": [\"published\"]}}]"}}, {"model": "admin.logentry", "pk": 392, "fields": {"action_time": "2018-10-03T03:24:22.017Z", "user": 1, "content_type": 15, "object_id": "22", "object_repr": "Sean McNeil", "action_flag": 2, "change_message": "[{\"changed\": {\"fields\": [\"published\"]}}]"}}, {"model": "admin.logentry", "pk": 393, "fields": {"action_time": "2018-10-03T03:24:30.502Z", "user": 1, "content_type": 15, "object_id": "21", "object_repr": "Emily Nichols", "action_flag": 2, "change_message": "[{\"changed\": {\"fields\": [\"published\"]}}]"}}, {"model": "admin.logentry", "pk": 394, "fields": {"action_time": "2018-10-03T03:24:40.102Z", "user": 1, "content_type": 15, "object_id": "19", "object_repr": "Paul Gibson", "action_flag": 2, "change_message": "[{\"changed\": {\"fields\": [\"published\"]}}]"}}, {"model": "admin.logentry", "pk": 395, "fields": {"action_time": "2018-10-03T03:24:49.822Z", "user": 1, "content_type": 15, "object_id": "18", "object_repr": "Danielle McConnell", "action_flag": 2, "change_message": "[{\"changed\": {\"fields\": [\"published\"]}}]"}}, {"model": "admin.logentry", "pk": 396, "fields": {"action_time": "2018-10-03T03:24:55.084Z", "user": 1, "content_type": 15, "object_id": "17", "object_repr": "Alant\u00e9 Fields", "action_flag": 2, "change_message": "[{\"changed\": {\"fields\": [\"published\"]}}]"}}, {"model": "admin.logentry", "pk": 397, "fields": {"action_time": "2018-10-03T03:25:00.364Z", "user": 1, "content_type": 15, "object_id": "16", "object_repr": "Chas Holden", "action_flag": 2, "change_message": "[{\"changed\": {\"fields\": [\"published\"]}}]"}}, {"model": "admin.logentry", "pk": 398, "fields": {"action_time": "2018-10-03T03:25:05.454Z", "user": 1, "content_type": 15, "object_id": "14", "object_repr": "Melinda Early", "action_flag": 2, "change_message": "[{\"changed\": {\"fields\": [\"published\"]}}]"}}, {"model": "admin.logentry", "pk": 399, "fields": {"action_time": "2018-10-03T03:25:09.859Z", "user": 1, "content_type": 15, "object_id": "12", "object_repr": "Thomas Thorpe", "action_flag": 2, "change_message": "[{\"changed\": {\"fields\": [\"published\"]}}]"}}, {"model": "admin.logentry", "pk": 400, "fields": {"action_time": "2018-10-03T03:25:18.970Z", "user": 1, "content_type": 15, "object_id": "11", "object_repr": "Jeff Shulman", "action_flag": 2, "change_message": "[{\"changed\": {\"fields\": [\"published\"]}}]"}}, {"model": "admin.logentry", "pk": 401, "fields": {"action_time": "2018-10-03T03:25:25.998Z", "user": 1, "content_type": 15, "object_id": "10", "object_repr": "Sarah Massey", "action_flag": 2, "change_message": "[{\"changed\": {\"fields\": [\"published\"]}}]"}}, {"model": "admin.logentry", "pk": 402, "fields": {"action_time": "2018-10-03T03:25:32.629Z", "user": 1, "content_type": 15, "object_id": "9", "object_repr": "Andrea Bowers", "action_flag": 2, "change_message": "[{\"changed\": {\"fields\": [\"published\"]}}]"}}, {"model": "admin.logentry", "pk": 403, "fields": {"action_time": "2018-10-03T03:25:38.762Z", "user": 1, "content_type": 15, "object_id": "7", "object_repr": "Steven Hatting", "action_flag": 2, "change_message": "[{\"changed\": {\"fields\": [\"published\"]}}]"}}, {"model": "admin.logentry", "pk": 404, "fields": {"action_time": "2018-10-03T03:25:45.442Z", "user": 1, "content_type": 15, "object_id": "3", "object_repr": "Eric Nobis", "action_flag": 2, "change_message": "[{\"changed\": {\"fields\": [\"published\"]}}]"}}, {"model": "admin.logentry", "pk": 405, "fields": {"action_time": "2018-10-04T16:01:11.001Z", "user": 1, "content_type": 12, "object_id": "1", "object_repr": "Web Developer", "action_flag": 2, "change_message": "[{\"changed\": {\"fields\": [\"references\", \"tags\"]}}]"}}, {"model": "admin.logentry", "pk": 406, "fields": {"action_time": "2018-10-04T16:03:44.542Z", "user": 1, "content_type": 12, "object_id": "6", "object_repr": "Web & Graphic Designer", "action_flag": 2, "change_message": "[{\"changed\": {\"fields\": [\"references\", \"tags\"]}}]"}}, {"model": "admin.logentry", "pk": 407, "fields": {"action_time": "2018-10-04T16:04:12.221Z", "user": 1, "content_type": 12, "object_id": "5", "object_repr": "UI Developer", "action_flag": 2, "change_message": "[{\"changed\": {\"fields\": [\"references\", \"tags\"]}}]"}}, {"model": "admin.logentry", "pk": 408, "fields": {"action_time": "2018-10-04T16:04:51.472Z", "user": 1, "content_type": 12, "object_id": "4", "object_repr": "Python Teaching Assistant", "action_flag": 2, "change_message": "[{\"changed\": {\"fields\": [\"references\", \"tags\"]}}]"}}, {"model": "admin.logentry", "pk": 409, "fields": {"action_time": "2018-10-04T16:05:05.673Z", "user": 1, "content_type": 12, "object_id": "3", "object_repr": "Web Application Developer", "action_flag": 2, "change_message": "[{\"changed\": {\"fields\": [\"references\", \"tags\"]}}]"}}, {"model": "admin.logentry", "pk": 410, "fields": {"action_time": "2018-10-04T16:05:14.032Z", "user": 1, "content_type": 12, "object_id": "2", "object_repr": "Founder", "action_flag": 2, "change_message": "[{\"changed\": {\"fields\": [\"tags\"]}}]"}}, {"model": "admin.logentry", "pk": 411, "fields": {"action_time": "2018-10-04T16:05:16.884Z", "user": 1, "content_type": 12, "object_id": "2", "object_repr": "Founder", "action_flag": 2, "change_message": "[{\"changed\": {\"fields\": [\"tags\"]}}]"}}, {"model": "admin.logentry", "pk": 412, "fields": {"action_time": "2018-10-04T16:26:08.476Z", "user": 1, "content_type": 15, "object_id": "22", "object_repr": "Sean McNeil", "action_flag": 2, "change_message": "[{\"changed\": {\"fields\": [\"projects\"]}}]"}}, {"model": "admin.logentry", "pk": 413, "fields": {"action_time": "2018-10-04T16:45:36.864Z", "user": 1, "content_type": 12, "object_id": "7", "object_repr": "Native English Teacher", "action_flag": 2, "change_message": "[{\"changed\": {\"fields\": [\"references\", \"tags\"]}}]"}}, {"model": "admin.logentry", "pk": 414, "fields": {"action_time": "2018-10-04T19:00:45.486Z", "user": 1, "content_type": 12, "object_id": "1", "object_repr": "Web Developer", "action_flag": 2, "change_message": "[{\"changed\": {\"fields\": [\"text\", \"tags\"]}}]"}}, {"model": "admin.logentry", "pk": 415, "fields": {"action_time": "2018-10-04T19:06:52.187Z", "user": 1, "content_type": 12, "object_id": "1", "object_repr": "Web Developer", "action_flag": 2, "change_message": "[{\"changed\": {\"fields\": [\"projects\", \"tags\"]}}]"}}, {"model": "admin.logentry", "pk": 416, "fields": {"action_time": "2018-10-04T19:18:10.631Z", "user": 1, "content_type": 12, "object_id": "5", "object_repr": "UI Developer", "action_flag": 2, "change_message": "[{\"changed\": {\"fields\": [\"projects\", \"tags\"]}}]"}}, {"model": "admin.logentry", "pk": 417, "fields": {"action_time": "2018-10-04T19:18:33.732Z", "user": 1, "content_type": 12, "object_id": "3", "object_repr": "Web Application Developer", "action_flag": 2, "change_message": "[{\"changed\": {\"fields\": [\"projects\", \"tags\"]}}]"}}, {"model": "admin.logentry", "pk": 418, "fields": {"action_time": "2018-10-08T04:13:50.567Z", "user": 1, "content_type": 12, "object_id": "1", "object_repr": "Web Developer", "action_flag": 2, "change_message": "[{\"changed\": {\"fields\": [\"text\", \"tags\"]}}]"}}, {"model": "admin.logentry", "pk": 419, "fields": {"action_time": "2018-10-08T15:03:19.521Z", "user": 1, "content_type": 12, "object_id": "2", "object_repr": "Founder", "action_flag": 2, "change_message": "[{\"changed\": {\"fields\": [\"text\", \"tags\"]}}]"}}, {"model": "admin.logentry", "pk": 420, "fields": {"action_time": "2018-10-08T15:09:39.949Z", "user": 1, "content_type": 12, "object_id": "3", "object_repr": "Web Application Developer", "action_flag": 2, "change_message": "[{\"changed\": {\"fields\": [\"text\", \"tags\"]}}]"}}, {"model": "admin.logentry", "pk": 421, "fields": {"action_time": "2018-10-08T15:10:10.128Z", "user": 1, "content_type": 12, "object_id": "1", "object_repr": "Web Developer", "action_flag": 2, "change_message": "[{\"changed\": {\"fields\": [\"text\", \"tags\"]}}]"}}, {"model": "admin.logentry", "pk": 422, "fields": {"action_time": "2018-10-08T15:11:35.394Z", "user": 1, "content_type": 12, "object_id": "3", "object_repr": "Web Application Developer", "action_flag": 2, "change_message": "[{\"changed\": {\"fields\": [\"text\", \"tags\"]}}]"}}, {"model": "admin.logentry", "pk": 423, "fields": {"action_time": "2018-10-08T15:11:53.891Z", "user": 1, "content_type": 12, "object_id": "3", "object_repr": "Web Application Developer", "action_flag": 2, "change_message": "[{\"changed\": {\"fields\": [\"text\", \"tags\"]}}]"}}, {"model": "admin.logentry", "pk": 424, "fields": {"action_time": "2018-10-08T15:19:45.407Z", "user": 1, "content_type": 12, "object_id": "1", "object_repr": "Web Developer", "action_flag": 2, "change_message": "[{\"changed\": {\"fields\": [\"text\", \"tags\"]}}]"}}, {"model": "admin.logentry", "pk": 425, "fields": {"action_time": "2018-10-08T15:23:09.925Z", "user": 1, "content_type": 12, "object_id": "5", "object_repr": "UI Developer", "action_flag": 2, "change_message": "[{\"changed\": {\"fields\": [\"text\", \"tags\"]}}]"}}, {"model": "admin.logentry", "pk": 426, "fields": {"action_time": "2018-10-08T15:50:42.195Z", "user": 1, "content_type": 12, "object_id": "4", "object_repr": "Python Teaching Assistant", "action_flag": 2, "change_message": "[{\"changed\": {\"fields\": [\"text\", \"tags\"]}}]"}}, {"model": "admin.logentry", "pk": 427, "fields": {"action_time": "2018-10-08T15:54:34.691Z", "user": 1, "content_type": 12, "object_id": "6", "object_repr": "Web & Graphic Designer", "action_flag": 2, "change_message": "[{\"changed\": {\"fields\": [\"text\", \"tags\"]}}]"}}, {"model": "admin.logentry", "pk": 428, "fields": {"action_time": "2018-10-08T15:55:09.644Z", "user": 1, "content_type": 12, "object_id": "7", "object_repr": "Native English Teacher", "action_flag": 2, "change_message": "[{\"changed\": {\"fields\": [\"text\", \"tags\"]}}]"}}, {"model": "admin.logentry", "pk": 429, "fields": {"action_time": "2018-10-08T15:57:02.136Z", "user": 1, "content_type": 12, "object_id": "7", "object_repr": "Native English Teacher", "action_flag": 2, "change_message": "[{\"changed\": {\"fields\": [\"text\", \"tags\"]}}]"}}, {"model": "admin.logentry", "pk": 430, "fields": {"action_time": "2018-10-08T16:00:29.654Z", "user": 1, "content_type": 12, "object_id": "5", "object_repr": "UI Developer", "action_flag": 2, "change_message": "[{\"changed\": {\"fields\": [\"tags\"]}}]"}}, {"model": "admin.logentry", "pk": 431, "fields": {"action_time": "2018-10-08T16:37:15.680Z", "user": 1, "content_type": 8, "object_id": "3", "object_repr": "NNRG Wood Search", "action_flag": 2, "change_message": "[{\"changed\": {\"fields\": [\"image\", \"tags\"]}}]"}}, {"model": "admin.logentry", "pk": 432, "fields": {"action_time": "2018-10-08T16:38:14.147Z", "user": 1, "content_type": 8, "object_id": "3", "object_repr": "NNRG Wood Search", "action_flag": 2, "change_message": "[{\"changed\": {\"fields\": [\"text\", \"tags\"]}}]"}}, {"model": "admin.logentry", "pk": 433, "fields": {"action_time": "2018-10-08T16:39:30.557Z", "user": 1, "content_type": 8, "object_id": "3", "object_repr": "NNRG Wood Search", "action_flag": 2, "change_message": "[{\"changed\": {\"fields\": [\"text\", \"tags\"]}}]"}}, {"model": "admin.logentry", "pk": 434, "fields": {"action_time": "2018-10-08T16:44:07.367Z", "user": 1, "content_type": 8, "object_id": "6", "object_repr": "UW Foster Blog", "action_flag": 2, "change_message": "[{\"changed\": {\"fields\": [\"text\", \"image\", \"tags\"]}}]"}}, {"model": "admin.logentry", "pk": 435, "fields": {"action_time": "2018-10-08T16:59:55.487Z", "user": 1, "content_type": 8, "object_id": "6", "object_repr": "UW Foster Blog", "action_flag": 2, "change_message": "[{\"changed\": {\"fields\": [\"tags\"]}}]"}}, {"model": "admin.logentry", "pk": 436, "fields": {"action_time": "2018-10-08T17:00:15.880Z", "user": 1, "content_type": 7, "object_id": "6", "object_repr": "Scrappy Wins Out", "action_flag": 2, "change_message": "[{\"changed\": {\"fields\": [\"published\", \"tags\"]}}]"}}, {"model": "admin.logentry", "pk": 437, "fields": {"action_time": "2018-10-08T17:00:26.961Z", "user": 1, "content_type": 7, "object_id": "13", "object_repr": "Leaving Your Legacy", "action_flag": 2, "change_message": "[{\"changed\": {\"fields\": [\"published\", \"tags\"]}}]"}}, {"model": "admin.logentry", "pk": 438, "fields": {"action_time": "2018-10-08T17:00:34.952Z", "user": 1, "content_type": 7, "object_id": "1", "object_repr": "Eliminate, Automate, Delegate", "action_flag": 2, "change_message": "[{\"changed\": {\"fields\": [\"published\", \"tags\"]}}]"}}, {"model": "admin.logentry", "pk": 439, "fields": {"action_time": "2018-10-08T17:00:42.005Z", "user": 1, "content_type": 7, "object_id": "11", "object_repr": "Aphantasia: Mind Without a Monitor", "action_flag": 2, "change_message": "[{\"changed\": {\"fields\": [\"published\", \"tags\"]}}]"}}, {"model": "admin.logentry", "pk": 440, "fields": {"action_time": "2018-10-08T17:01:18.550Z", "user": 1, "content_type": 7, "object_id": "15", "object_repr": "Taking HRT", "action_flag": 1, "change_message": "[{\"added\": {}}]"}}, {"model": "admin.logentry", "pk": 441, "fields": {"action_time": "2018-10-08T17:07:12.148Z", "user": 1, "content_type": 7, "object_id": "15", "object_repr": "Taking HRT", "action_flag": 2, "change_message": "[{\"changed\": {\"fields\": [\"image\", \"tags\"]}}]"}}, {"model": "admin.logentry", "pk": 442, "fields": {"action_time": "2018-10-08T17:42:00.454Z", "user": 1, "content_type": 8, "object_id": "6", "object_repr": "UW Foster Blog", "action_flag": 2, "change_message": "[{\"changed\": {\"fields\": [\"published\", \"tags\"]}}]"}}, {"model": "admin.logentry", "pk": 443, "fields": {"action_time": "2018-10-08T17:42:23.841Z", "user": 1, "content_type": 8, "object_id": "11", "object_repr": "UW Foster Components", "action_flag": 2, "change_message": "[{\"changed\": {\"fields\": [\"published\", \"tags\"]}}]"}}, {"model": "admin.logentry", "pk": 444, "fields": {"action_time": "2018-10-08T17:45:54.735Z", "user": 1, "content_type": 8, "object_id": "11", "object_repr": "UW Foster Components", "action_flag": 2, "change_message": "[{\"changed\": {\"fields\": [\"image\", \"tags\"]}}]"}}, {"model": "admin.logentry", "pk": 445, "fields": {"action_time": "2018-10-08T17:46:53.583Z", "user": 1, "content_type": 8, "object_id": "11", "object_repr": "UW Foster Components", "action_flag": 2, "change_message": "[{\"changed\": {\"fields\": [\"text\", \"tags\"]}}]"}}, {"model": "admin.logentry", "pk": 446, "fields": {"action_time": "2018-10-08T17:48:54.748Z", "user": 1, "content_type": 8, "object_id": "11", "object_repr": "UW Foster Components", "action_flag": 2, "change_message": "[{\"changed\": {\"fields\": [\"text\", \"tags\"]}}]"}}, {"model": "admin.logentry", "pk": 447, "fields": {"action_time": "2018-10-08T17:55:22.141Z", "user": 1, "content_type": 8, "object_id": "8", "object_repr": "UW Foster Giving Form", "action_flag": 2, "change_message": "[{\"changed\": {\"fields\": [\"text\", \"image\", \"tags\"]}}]"}}, {"model": "admin.logentry", "pk": 448, "fields": {"action_time": "2018-10-08T17:55:37.595Z", "user": 1, "content_type": 8, "object_id": "8", "object_repr": "UW Foster Giving Form", "action_flag": 2, "change_message": "[{\"changed\": {\"fields\": [\"published\", \"tags\"]}}]"}}, {"model": "admin.logentry", "pk": 449, "fields": {"action_time": "2018-10-08T18:00:55.873Z", "user": 1, "content_type": 8, "object_id": "14", "object_repr": "UW Foster Hosting Migration", "action_flag": 2, "change_message": "[{\"changed\": {\"fields\": [\"published\", \"text\", \"image\", \"tags\"]}}]"}}, {"model": "admin.logentry", "pk": 450, "fields": {"action_time": "2018-10-08T18:06:13.207Z", "user": 1, "content_type": 8, "object_id": "3", "object_repr": "NNRG Wood Search", "action_flag": 2, "change_message": "[{\"changed\": {\"fields\": [\"text\", \"tags\"]}}]"}}, {"model": "admin.logentry", "pk": 451, "fields": {"action_time": "2018-10-08T22:59:16.489Z", "user": 1, "content_type": 13, "object_id": "2", "object_repr": "BA International Business, Marketing, Management", "action_flag": 2, "change_message": "[{\"changed\": {\"fields\": [\"text\", \"tags\"]}}]"}}, {"model": "admin.logentry", "pk": 452, "fields": {"action_time": "2018-10-08T23:46:30.207Z", "user": 1, "content_type": 8, "object_id": "3", "object_repr": "NNRG Wood Search", "action_flag": 2, "change_message": "[{\"changed\": {\"fields\": [\"text\", \"tags\"]}}]"}}, {"model": "admin.logentry", "pk": 453, "fields": {"action_time": "2018-10-09T05:07:53.443Z", "user": 1, "content_type": 7, "object_id": "15", "object_repr": "Taking HRT", "action_flag": 2, "change_message": "[{\"changed\": {\"fields\": [\"published\", \"tags\"]}}]"}}, {"model": "admin.logentry", "pk": 454, "fields": {"action_time": "2018-10-09T05:08:01.504Z", "user": 1, "content_type": 7, "object_id": "13", "object_repr": "Leaving Your Legacy", "action_flag": 2, "change_message": "[{\"changed\": {\"fields\": [\"published\", \"tags\"]}}]"}}, {"model": "admin.logentry", "pk": 455, "fields": {"action_time": "2018-10-09T05:08:12.213Z", "user": 1, "content_type": 7, "object_id": "11", "object_repr": "Aphantasia: Mind Without a Monitor", "action_flag": 2, "change_message": "[{\"changed\": {\"fields\": [\"published\", \"tags\"]}}]"}}, {"model": "admin.logentry", "pk": 456, "fields": {"action_time": "2018-10-09T05:08:25.433Z", "user": 1, "content_type": 7, "object_id": "6", "object_repr": "Scrappy Wins Out", "action_flag": 2, "change_message": "[{\"changed\": {\"fields\": [\"published\", \"tags\"]}}]"}}, {"model": "admin.logentry", "pk": 457, "fields": {"action_time": "2018-10-09T05:08:35.364Z", "user": 1, "content_type": 7, "object_id": "1", "object_repr": "Eliminate, Automate, Delegate", "action_flag": 2, "change_message": "[{\"changed\": {\"fields\": [\"published\", \"tags\"]}}]"}}, {"model": "admin.logentry", "pk": 458, "fields": {"action_time": "2018-10-09T05:08:50.384Z", "user": 1, "content_type": 15, "object_id": "30", "object_repr": "Dan Buys", "action_flag": 2, "change_message": "[{\"changed\": {\"fields\": [\"published\"]}}]"}}, {"model": "admin.logentry", "pk": 459, "fields": {"action_time": "2018-10-09T05:08:55.926Z", "user": 1, "content_type": 15, "object_id": "29", "object_repr": "Jennifer Baker", "action_flag": 2, "change_message": "[{\"changed\": {\"fields\": [\"published\"]}}]"}}, {"model": "admin.logentry", "pk": 460, "fields": {"action_time": "2018-10-09T05:09:01.516Z", "user": 1, "content_type": 15, "object_id": "28", "object_repr": "Anna Marie Golden", "action_flag": 2, "change_message": "[{\"changed\": {\"fields\": [\"published\"]}}]"}}, {"model": "admin.logentry", "pk": 461, "fields": {"action_time": "2018-10-09T05:09:08.528Z", "user": 1, "content_type": 15, "object_id": "26", "object_repr": "Chance Kelch", "action_flag": 2, "change_message": "[{\"changed\": {\"fields\": [\"published\"]}}]"}}, {"model": "admin.logentry", "pk": 462, "fields": {"action_time": "2018-10-09T05:09:13.640Z", "user": 1, "content_type": 15, "object_id": "25", "object_repr": "Samantha Ogle", "action_flag": 2, "change_message": "[{\"changed\": {\"fields\": [\"published\"]}}]"}}, {"model": "admin.logentry", "pk": 463, "fields": {"action_time": "2018-10-09T05:09:20.175Z", "user": 1, "content_type": 15, "object_id": "24", "object_repr": "Melissa Falcone", "action_flag": 2, "change_message": "[{\"changed\": {\"fields\": [\"published\"]}}]"}}, {"model": "admin.logentry", "pk": 464, "fields": {"action_time": "2018-10-09T05:09:40.452Z", "user": 1, "content_type": 15, "object_id": "23", "object_repr": "Ed Kromer", "action_flag": 2, "change_message": "[{\"changed\": {\"fields\": [\"published\"]}}]"}}, {"model": "admin.logentry", "pk": 465, "fields": {"action_time": "2018-10-09T05:09:50.238Z", "user": 1, "content_type": 15, "object_id": "22", "object_repr": "Sean McNeil", "action_flag": 2, "change_message": "[{\"changed\": {\"fields\": [\"published\"]}}]"}}, {"model": "admin.logentry", "pk": 466, "fields": {"action_time": "2018-10-09T05:10:08.587Z", "user": 1, "content_type": 15, "object_id": "21", "object_repr": "Emily Nichols", "action_flag": 2, "change_message": "[{\"changed\": {\"fields\": [\"published\"]}}]"}}, {"model": "admin.logentry", "pk": 467, "fields": {"action_time": "2018-10-09T05:10:14.199Z", "user": 1, "content_type": 15, "object_id": "20", "object_repr": "Mick Westrick", "action_flag": 2, "change_message": "[{\"changed\": {\"fields\": [\"published\"]}}]"}}, {"model": "admin.logentry", "pk": 468, "fields": {"action_time": "2018-10-09T05:10:20.171Z", "user": 1, "content_type": 15, "object_id": "19", "object_repr": "Paul Gibson", "action_flag": 2, "change_message": "[{\"changed\": {\"fields\": [\"published\"]}}]"}}, {"model": "admin.logentry", "pk": 469, "fields": {"action_time": "2018-10-09T05:10:26.059Z", "user": 1, "content_type": 15, "object_id": "18", "object_repr": "Danielle McConnell", "action_flag": 2, "change_message": "[{\"changed\": {\"fields\": [\"published\"]}}]"}}, {"model": "admin.logentry", "pk": 470, "fields": {"action_time": "2018-10-09T05:10:32.145Z", "user": 1, "content_type": 15, "object_id": "17", "object_repr": "Alant\u00e9 Fields", "action_flag": 2, "change_message": "[{\"changed\": {\"fields\": [\"published\"]}}]"}}, {"model": "admin.logentry", "pk": 471, "fields": {"action_time": "2018-10-09T05:10:36.969Z", "user": 1, "content_type": 15, "object_id": "16", "object_repr": "Chas Holden", "action_flag": 2, "change_message": "[{\"changed\": {\"fields\": [\"published\"]}}]"}}, {"model": "admin.logentry", "pk": 472, "fields": {"action_time": "2018-10-09T05:11:15.879Z", "user": 1, "content_type": 15, "object_id": "15", "object_repr": "Thomas Mercer", "action_flag": 2, "change_message": "[{\"changed\": {\"fields\": [\"published\"]}}]"}}, {"model": "admin.logentry", "pk": 473, "fields": {"action_time": "2018-10-09T05:11:21.710Z", "user": 1, "content_type": 15, "object_id": "14", "object_repr": "Melinda Early", "action_flag": 2, "change_message": "[{\"changed\": {\"fields\": [\"published\"]}}]"}}, {"model": "admin.logentry", "pk": 474, "fields": {"action_time": "2018-10-09T05:11:33.089Z", "user": 1, "content_type": 15, "object_id": "13", "object_repr": "Matt Pressnall", "action_flag": 2, "change_message": "[{\"changed\": {\"fields\": [\"published\"]}}]"}}, {"model": "admin.logentry", "pk": 475, "fields": {"action_time": "2018-10-09T05:11:42.610Z", "user": 1, "content_type": 15, "object_id": "12", "object_repr": "Thomas Thorpe", "action_flag": 2, "change_message": "[{\"changed\": {\"fields\": [\"published\"]}}]"}}, {"model": "admin.logentry", "pk": 476, "fields": {"action_time": "2018-10-09T05:11:48.226Z", "user": 1, "content_type": 15, "object_id": "11", "object_repr": "Jeff Shulman", "action_flag": 2, "change_message": "[{\"changed\": {\"fields\": [\"published\"]}}]"}}, {"model": "admin.logentry", "pk": 477, "fields": {"action_time": "2018-10-09T05:11:53.951Z", "user": 1, "content_type": 15, "object_id": "10", "object_repr": "Sarah Massey", "action_flag": 2, "change_message": "[{\"changed\": {\"fields\": [\"published\"]}}]"}}, {"model": "admin.logentry", "pk": 478, "fields": {"action_time": "2018-10-09T05:12:00.558Z", "user": 1, "content_type": 15, "object_id": "9", "object_repr": "Andrea Bowers", "action_flag": 2, "change_message": "[{\"changed\": {\"fields\": [\"published\"]}}]"}}, {"model": "admin.logentry", "pk": 479, "fields": {"action_time": "2018-10-09T05:12:06.547Z", "user": 1, "content_type": 15, "object_id": "8", "object_repr": "Randal Root", "action_flag": 2, "change_message": "[{\"changed\": {\"fields\": [\"published\"]}}]"}}, {"model": "admin.logentry", "pk": 480, "fields": {"action_time": "2018-10-09T05:12:11.819Z", "user": 1, "content_type": 15, "object_id": "7", "object_repr": "Steven Hatting", "action_flag": 2, "change_message": "[{\"changed\": {\"fields\": [\"published\"]}}]"}}, {"model": "admin.logentry", "pk": 481, "fields": {"action_time": "2018-10-09T05:12:17.248Z", "user": 1, "content_type": 15, "object_id": "6", "object_repr": "Christy Heaton", "action_flag": 2, "change_message": "[{\"changed\": {\"fields\": [\"published\"]}}]"}}, {"model": "admin.logentry", "pk": 482, "fields": {"action_time": "2018-10-09T05:12:22.566Z", "user": 1, "content_type": 15, "object_id": "5", "object_repr": "Joe Schilz", "action_flag": 2, "change_message": "[{\"changed\": {\"fields\": [\"published\"]}}]"}}, {"model": "admin.logentry", "pk": 483, "fields": {"action_time": "2018-10-09T05:12:28.703Z", "user": 1, "content_type": 15, "object_id": "4", "object_repr": "Rick Riehle", "action_flag": 2, "change_message": "[{\"changed\": {\"fields\": [\"published\"]}}]"}}, {"model": "admin.logentry", "pk": 484, "fields": {"action_time": "2018-10-09T05:12:36.035Z", "user": 1, "content_type": 15, "object_id": "3", "object_repr": "Eric Nobis", "action_flag": 2, "change_message": "[{\"changed\": {\"fields\": [\"published\"]}}]"}}, {"model": "admin.logentry", "pk": 485, "fields": {"action_time": "2018-10-09T05:12:52.690Z", "user": 1, "content_type": 15, "object_id": "27", "object_repr": "Teresa Marks", "action_flag": 2, "change_message": "[{\"changed\": {\"fields\": [\"published\"]}}]"}}, {"model": "admin.logentry", "pk": 486, "fields": {"action_time": "2018-10-09T05:16:43.916Z", "user": 1, "content_type": 7, "object_id": "4", "object_repr": "Hot Potatoes & Bus Factors", "action_flag": 2, "change_message": "[{\"changed\": {\"fields\": [\"text\", \"tags\"]}}]"}}, {"model": "admin.logentry", "pk": 487, "fields": {"action_time": "2018-10-09T05:19:18.996Z", "user": 1, "content_type": 15, "object_id": "31", "object_repr": "Charles Kang", "action_flag": 2, "change_message": "[{\"changed\": {\"fields\": [\"text\"]}}]"}}, {"model": "admin.logentry", "pk": 488, "fields": {"action_time": "2018-10-09T05:20:42.124Z", "user": 1, "content_type": 15, "object_id": "31", "object_repr": "Charles Kang", "action_flag": 2, "change_message": "[{\"changed\": {\"fields\": [\"text\"]}}]"}}, {"model": "admin.logentry", "pk": 489, "fields": {"action_time": "2018-10-09T05:53:28.393Z", "user": 1, "content_type": 16, "object_id": "1", "object_repr": "Full-stack @ Big Tech", "action_flag": 2, "change_message": "[{\"changed\": {\"fields\": [\"text\"]}}]"}}, {"model": "admin.logentry", "pk": 490, "fields": {"action_time": "2018-10-09T05:54:11.967Z", "user": 1, "content_type": 16, "object_id": "2", "object_repr": "Teams Management @ Big Tech", "action_flag": 2, "change_message": "[{\"changed\": {\"fields\": [\"text\"]}}]"}}, {"model": "admin.logentry", "pk": 491, "fields": {"action_time": "2018-10-09T05:54:58.596Z", "user": 1, "content_type": 16, "object_id": "3", "object_repr": "Teams Management @ Big Tech", "action_flag": 2, "change_message": "[{\"changed\": {\"fields\": [\"text\"]}}]"}}, {"model": "admin.logentry", "pk": 492, "fields": {"action_time": "2018-10-09T05:56:53.457Z", "user": 1, "content_type": 13, "object_id": "3", "object_repr": "TEFL & TESOL Certificate", "action_flag": 2, "change_message": "[{\"changed\": {\"fields\": [\"text\", \"tags\"]}}]"}}, {"model": "admin.logentry", "pk": 493, "fields": {"action_time": "2018-10-09T05:57:47.112Z", "user": 1, "content_type": 13, "object_id": "4", "object_repr": "HIPAA Privacy & Security for Business Associates", "action_flag": 2, "change_message": "[{\"changed\": {\"fields\": [\"text\", \"tags\"]}}]"}}, {"model": "admin.logentry", "pk": 494, "fields": {"action_time": "2018-10-09T05:58:17.197Z", "user": 1, "content_type": 13, "object_id": "5", "object_repr": "Intro to Cloud Computing", "action_flag": 2, "change_message": "[{\"changed\": {\"fields\": [\"text\", \"tags\"]}}]"}}, {"model": "admin.logentry", "pk": 495, "fields": {"action_time": "2018-10-09T05:58:53.115Z", "user": 1, "content_type": 15, "object_id": "2", "object_repr": "Alex Tokar", "action_flag": 2, "change_message": "[{\"changed\": {\"fields\": [\"published\"]}}]"}}]